[     228ms] [INFO] %cDownload the React DevTools for a better development experience: https://reactjs.org/link/react-devtools font-weight:bold @ http://localhost:5173/node_modules/.vite/deps/chunk-H6ROQLGZ.js?v=c87f19bf:21606
[     282ms] [WARNING] ⚠️ React Router Future Flag Warning: React Router will begin wrapping state updates in `React.startTransition` in v7. You can use the `v7_startTransition` future flag to opt-in early. For more information, see https://reactrouter.com/v6/upgrading/future#v7_starttransition. @ http://localhost:5173/node_modules/.vite/deps/react-router-dom.js?v=c87f19bf:4433
[     282ms] [WARNING] ⚠️ React Router Future Flag Warning: Relative route resolution within Splat routes is changing in v7. You can use the `v7_relativeSplatPath` future flag to opt-in early. For more information, see https://reactrouter.com/v6/upgrading/future#v7_relativesplatpath. @ http://localhost:5173/node_modules/.vite/deps/react-router-dom.js?v=c87f19bf:4433
[     439ms] [VERBOSE] [DOM] Input elements should have autocomplete attributes (suggested: "current-password"): (More info: https://goo.gl/9p2vKq) %o @ http://localhost:5173/login:0
[   19129ms] [LOG] [vite] server connection lost. Polling for restart... @ http://localhost:5173/@vite/client:963
[   19130ms] [ERROR] WebSocket connection to 'ws://localhost:5173/' failed: Error in connection establishment: net::ERR_CONNECTION_REFUSED @ http://localhost:5173/@vite/client:1034
[   20134ms] [ERROR] WebSocket connection to 'ws://localhost:5173/' failed: Error in connection establishment: net::ERR_CONNECTION_REFUSED @ http://localhost:5173/@vite/client:1034
[   21139ms] [ERROR] WebSocket connection to 'ws://localhost:5173/' failed: Error in connection establishment: net::ERR_CONNECTION_REFUSED @ http://localhost:5173/@vite/client:1034
[   22142ms] [ERROR] WebSocket connection to 'ws://localhost:5173/' failed: Error in connection establishment: net::ERR_CONNECTION_REFUSED @ http://localhost:5173/@vite/client:1034
[   23146ms] [ERROR] WebSocket connection to 'ws://localhost:5173/' failed: Error in connection establishment: net::ERR_CONNECTION_REFUSED @ http://localhost:5173/@vite/client:1034
[   24151ms] [ERROR] WebSocket connection to 'ws://localhost:5173/' failed: Error in connection establishment: net::ERR_CONNECTION_REFUSED @ http://localhost:5173/@vite/client:1034
[   25156ms] [ERROR] WebSocket connection to 'ws://localhost:5173/' failed: Error in connection establishment: net::ERR_CONNECTION_REFUSED @ http://localhost:5173/@vite/client:1034
[   26160ms] [ERROR] WebSocket connection to 'ws://localhost:5173/' failed: Error in connection establishment: net::ERR_CONNECTION_REFUSED @ http://localhost:5173/@vite/client:1034
[   27164ms] [ERROR] WebSocket connection to 'ws://localhost:5173/' failed: Error in connection establishment: net::ERR_CONNECTION_REFUSED @ http://localhost:5173/@vite/client:1034
[   28166ms] [ERROR] WebSocket connection to 'ws://localhost:5173/' failed: Error in connection establishment: net::ERR_CONNECTION_REFUSED @ http://localhost:5173/@vite/client:1034
[   29176ms] [ERROR] WebSocket connection to 'ws://localhost:5173/' failed: Error in connection establishment: net::ERR_CONNECTION_REFUSED @ http://localhost:5173/@vite/client:1034
[   30180ms] [ERROR] WebSocket connection to 'ws://localhost:5173/' failed: Error in connection establishment: net::ERR_CONNECTION_REFUSED @ http://localhost:5173/@vite/client:1034
[   31196ms] [ERROR] WebSocket connection to 'ws://localhost:5173/' failed: Error in connection establishment: net::ERR_CONNECTION_REFUSED @ http://localhost:5173/@vite/client:1034
[   32206ms] [ERROR] WebSocket connection to 'ws://localhost:5173/' failed: Error in connection establishment: net::ERR_CONNECTION_REFUSED @ http://localhost:5173/@vite/client:1034
[   33223ms] [ERROR] WebSocket connection to 'ws://localhost:5173/' failed: Error in connection establishment: net::ERR_CONNECTION_REFUSED @ http://localhost:5173/@vite/client:1034
[   34238ms] [ERROR] WebSocket connection to 'ws://localhost:5173/' failed: Error in connection establishment: net::ERR_CONNECTION_REFUSED @ http://localhost:5173/@vite/client:1034
[   35257ms] [ERROR] WebSocket connection to 'ws://localhost:5173/' failed: Error in connection establishment: net::ERR_CONNECTION_REFUSED @ http://localhost:5173/@vite/client:1034
[   36273ms] [ERROR] WebSocket connection to 'ws://localhost:5173/' failed: Error in connection establishment: net::ERR_CONNECTION_REFUSED @ http://localhost:5173/@vite/client:1034
[   37349ms] [ERROR] WebSocket connection to 'ws://localhost:5173/' failed: Error in connection establishment: net::ERR_CONNECTION_REFUSED @ http://localhost:5173/@vite/client:1034
[   38407ms] [ERROR] WebSocket connection to 'ws://localhost:5173/' failed: Error in connection establishment: net::ERR_CONNECTION_REFUSED @ http://localhost:5173/@vite/client:1034
[   39516ms] [ERROR] WebSocket connection to 'ws://localhost:5173/' failed: Error in connection establishment: net::ERR_CONNECTION_REFUSED @ http://localhost:5173/@vite/client:1034
[   40566ms] [ERROR] WebSocket connection to 'ws://localhost:5173/' failed: Error in connection establishment: net::ERR_CONNECTION_REFUSED @ http://localhost:5173/@vite/client:1034
[   41674ms] [ERROR] WebSocket connection to 'ws://localhost:5173/' failed: Error in connection establishment: net::ERR_CONNECTION_REFUSED @ http://localhost:5173/@vite/client:1034
[   42832ms] [ERROR] WebSocket connection to 'ws://localhost:5173/' failed: Error in connection establishment: net::ERR_CONNECTION_REFUSED @ http://localhost:5173/@vite/client:1034
[   44436ms] [ERROR] WebSocket connection to 'ws://localhost:5173/' failed: Error in connection establishment: net::ERR_CONNECTION_REFUSED @ http://localhost:5173/@vite/client:1034
[   46048ms] [ERROR] WebSocket connection to 'ws://localhost:5173/' failed: Error in connection establishment: net::ERR_CONNECTION_REFUSED @ http://localhost:5173/@vite/client:1034
[   47641ms] [ERROR] WebSocket connection to 'ws://localhost:5173/' failed: Error in connection establishment: net::ERR_CONNECTION_REFUSED @ http://localhost:5173/@vite/client:1034
[   49041ms] [ERROR] WebSocket connection to 'ws://localhost:5173/' failed: Error in connection establishment: net::ERR_CONNECTION_REFUSED @ http://localhost:5173/@vite/client:1034
[   50999ms] [ERROR] WebSocket connection to 'ws://localhost:5173/' failed: Error in connection establishment: net::ERR_CONNECTION_REFUSED @ http://localhost:5173/@vite/client:1034
[   54291ms] [ERROR] WebSocket connection to 'ws://localhost:5173/' failed: Error in connection establishment: net::ERR_CONNECTION_REFUSED @ http://localhost:5173/@vite/client:1034
[   58786ms] [ERROR] WebSocket connection to 'ws://localhost:5173/' failed: Error in connection establishment: net::ERR_CONNECTION_REFUSED @ http://localhost:5173/@vite/client:1034
[   61159ms] [ERROR] WebSocket connection to 'ws://localhost:5173/' failed: Error in connection establishment: net::ERR_CONNECTION_REFUSED @ http://localhost:5173/@vite/client:1034
[   64739ms] [ERROR] WebSocket connection to 'ws://localhost:5173/' failed: Error in connection establishment: net::ERR_CONNECTION_REFUSED @ http://localhost:5173/@vite/client:1034
[   67811ms] [ERROR] WebSocket connection to 'ws://localhost:5173/' failed: Error in connection establishment: net::ERR_CONNECTION_REFUSED @ http://localhost:5173/@vite/client:1034
[   70399ms] [ERROR] WebSocket connection to 'ws://localhost:5173/' failed: Error in connection establishment: net::ERR_CONNECTION_REFUSED @ http://localhost:5173/@vite/client:1034
[   73398ms] [ERROR] WebSocket connection to 'ws://localhost:5173/' failed: Error in connection establishment: net::ERR_CONNECTION_REFUSED @ http://localhost:5173/@vite/client:1034
[   79032ms] [ERROR] WebSocket connection to 'ws://localhost:5173/' failed: Error in connection establishment: net::ERR_CONNECTION_REFUSED @ http://localhost:5173/@vite/client:1034
[   84707ms] [ERROR] WebSocket connection to 'ws://localhost:5173/' failed: Error in connection establishment: net::ERR_CONNECTION_REFUSED @ http://localhost:5173/@vite/client:1034
[   89332ms] [ERROR] WebSocket connection to 'ws://localhost:5173/' failed: Error in connection establishment: net::ERR_CONNECTION_REFUSED @ http://localhost:5173/@vite/client:1034
[   91915ms] [ERROR] WebSocket connection to 'ws://localhost:5173/' failed: Error in connection establishment: net::ERR_CONNECTION_REFUSED @ http://localhost:5173/@vite/client:1034
[   97857ms] [ERROR] WebSocket connection to 'ws://localhost:5173/' failed: Error in connection establishment: net::ERR_CONNECTION_REFUSED @ http://localhost:5173/@vite/client:1034
[  103338ms] [ERROR] WebSocket connection to 'ws://localhost:5173/' failed: Error in connection establishment: net::ERR_CONNECTION_REFUSED @ http://localhost:5173/@vite/client:1034
[  105785ms] [ERROR] WebSocket connection to 'ws://localhost:5173/' failed: Error in connection establishment: net::ERR_CONNECTION_REFUSED @ http://localhost:5173/@vite/client:1034
[  109340ms] [ERROR] WebSocket connection to 'ws://localhost:5173/' failed: Error in connection establishment: net::ERR_CONNECTION_REFUSED @ http://localhost:5173/@vite/client:1034
[  113555ms] [ERROR] WebSocket connection to 'ws://localhost:5173/' failed: Error in connection establishment: net::ERR_CONNECTION_REFUSED @ http://localhost:5173/@vite/client:1034
[  117865ms] [ERROR] WebSocket connection to 'ws://localhost:5173/' failed: Error in connection establishment: net::ERR_CONNECTION_REFUSED @ http://localhost:5173/@vite/client:1034
[  121256ms] [ERROR] WebSocket connection to 'ws://localhost:5173/' failed: Error in connection establishment: net::ERR_CONNECTION_REFUSED @ http://localhost:5173/@vite/client:1034
[  126682ms] [ERROR] WebSocket connection to 'ws://localhost:5173/' failed: Error in connection establishment: net::ERR_CONNECTION_REFUSED @ http://localhost:5173/@vite/client:1034
[  129541ms] [ERROR] WebSocket connection to 'ws://localhost:5173/' failed: Error in connection establishment: net::ERR_CONNECTION_REFUSED @ http://localhost:5173/@vite/client:1034
[  135323ms] [ERROR] WebSocket connection to 'ws://localhost:5173/' failed: Error in connection establishment: net::ERR_CONNECTION_REFUSED @ http://localhost:5173/@vite/client:1034
[  138841ms] [ERROR] WebSocket connection to 'ws://localhost:5173/' failed: Error in connection establishment: net::ERR_CONNECTION_REFUSED @ http://localhost:5173/@vite/client:1034
[  141890ms] [ERROR] WebSocket connection to 'ws://localhost:5173/' failed: Error in connection establishment: net::ERR_CONNECTION_REFUSED @ http://localhost:5173/@vite/client:1034
[  146608ms] [ERROR] WebSocket connection to 'ws://localhost:5173/' failed: Error in connection establishment: net::ERR_CONNECTION_REFUSED @ http://localhost:5173/@vite/client:1034
[  151430ms] [ERROR] WebSocket connection to 'ws://localhost:5173/' failed: Error in connection establishment: net::ERR_CONNECTION_REFUSED @ http://localhost:5173/@vite/client:1034
[  157080ms] [ERROR] WebSocket connection to 'ws://localhost:5173/' failed: Error in connection establishment: net::ERR_CONNECTION_REFUSED @ http://localhost:5173/@vite/client:1034
[  160758ms] [ERROR] WebSocket connection to 'ws://localhost:5173/' failed: Error in connection establishment: net::ERR_CONNECTION_REFUSED @ http://localhost:5173/@vite/client:1034
[  163215ms] [ERROR] WebSocket connection to 'ws://localhost:5173/' failed: Error in connection establishment: net::ERR_CONNECTION_REFUSED @ http://localhost:5173/@vite/client:1034
[  166527ms] [ERROR] WebSocket connection to 'ws://localhost:5173/' failed: Error in connection establishment: net::ERR_CONNECTION_REFUSED @ http://localhost:5173/@vite/client:1034
[  170273ms] [ERROR] WebSocket connection to 'ws://localhost:5173/' failed: Error in connection establishment: net::ERR_CONNECTION_REFUSED @ http://localhost:5173/@vite/client:1034
[  175201ms] [ERROR] WebSocket connection to 'ws://localhost:5173/' failed: Error in connection establishment: net::ERR_CONNECTION_REFUSED @ http://localhost:5173/@vite/client:1034
[  178676ms] [ERROR] WebSocket connection to 'ws://localhost:5173/' failed: Error in connection establishment: net::ERR_CONNECTION_REFUSED @ http://localhost:5173/@vite/client:1034
[  183230ms] [ERROR] WebSocket connection to 'ws://localhost:5173/' failed: Error in connection establishment: net::ERR_CONNECTION_REFUSED @ http://localhost:5173/@vite/client:1034
[  187754ms] [ERROR] WebSocket connection to 'ws://localhost:5173/' failed: Error in connection establishment: net::ERR_CONNECTION_REFUSED @ http://localhost:5173/@vite/client:1034
[  192867ms] [ERROR] WebSocket connection to 'ws://localhost:5173/' failed: Error in connection establishment: net::ERR_CONNECTION_REFUSED @ http://localhost:5173/@vite/client:1034
[  198378ms] [ERROR] WebSocket connection to 'ws://localhost:5173/' failed: Error in connection establishment: net::ERR_CONNECTION_REFUSED @ http://localhost:5173/@vite/client:1034
[  200999ms] [ERROR] WebSocket connection to 'ws://localhost:5173/' failed: Error in connection establishment: net::ERR_CONNECTION_REFUSED @ http://localhost:5173/@vite/client:1034
[  205740ms] [ERROR] WebSocket connection to 'ws://localhost:5173/' failed: Error in connection establishment: net::ERR_CONNECTION_REFUSED @ http://localhost:5173/@vite/client:1034
[  211739ms] [ERROR] WebSocket connection to 'ws://localhost:5173/' failed: Error in connection establishment: net::ERR_CONNECTION_REFUSED @ http://localhost:5173/@vite/client:1034
[  214425ms] [ERROR] WebSocket connection to 'ws://localhost:5173/' failed: Error in connection establishment: net::ERR_CONNECTION_REFUSED @ http://localhost:5173/@vite/client:1034
[  216697ms] [ERROR] WebSocket connection to 'ws://localhost:5173/' failed: Error in connection establishment: net::ERR_CONNECTION_REFUSED @ http://localhost:5173/@vite/client:1034
[  220997ms] [ERROR] WebSocket connection to 'ws://localhost:5173/' failed: Error in connection establishment: net::ERR_CONNECTION_REFUSED @ http://localhost:5173/@vite/client:1034
[  223399ms] [ERROR] WebSocket connection to 'ws://localhost:5173/' failed: Error in connection establishment: net::ERR_CONNECTION_REFUSED @ http://localhost:5173/@vite/client:1034
[  225503ms] [ERROR] WebSocket connection to 'ws://localhost:5173/' failed: Error in connection establishment: net::ERR_CONNECTION_REFUSED @ http://localhost:5173/@vite/client:1034
[  230947ms] [ERROR] WebSocket connection to 'ws://localhost:5173/' failed: Error in connection establishment: net::ERR_CONNECTION_REFUSED @ http://localhost:5173/@vite/client:1034
[  236820ms] [ERROR] WebSocket connection to 'ws://localhost:5173/' failed: Error in connection establishment: net::ERR_CONNECTION_REFUSED @ http://localhost:5173/@vite/client:1034
[  240031ms] [ERROR] WebSocket connection to 'ws://localhost:5173/' failed: Error in connection establishment: net::ERR_CONNECTION_REFUSED @ http://localhost:5173/@vite/client:1034
[  241036ms] [ERROR] WebSocket connection to 'ws://localhost:5173/' failed: Error in connection establishment: net::ERR_CONNECTION_REFUSED @ http://localhost:5173/@vite/client:1034
[  242041ms] [ERROR] WebSocket connection to 'ws://localhost:5173/' failed: Error in connection establishment: net::ERR_CONNECTION_REFUSED @ http://localhost:5173/@vite/client:1034
[  243044ms] [ERROR] WebSocket connection to 'ws://localhost:5173/' failed: Error in connection establishment: net::ERR_CONNECTION_REFUSED @ http://localhost:5173/@vite/client:1034
[  244049ms] [ERROR] WebSocket connection to 'ws://localhost:5173/' failed: Error in connection establishment: net::ERR_CONNECTION_REFUSED @ http://localhost:5173/@vite/client:1034
[  245053ms] [ERROR] WebSocket connection to 'ws://localhost:5173/' failed: Error in connection establishment: net::ERR_CONNECTION_REFUSED @ http://localhost:5173/@vite/client:1034
[  246061ms] [ERROR] WebSocket connection to 'ws://localhost:5173/' failed: Error in connection establishment: net::ERR_CONNECTION_REFUSED @ http://localhost:5173/@vite/client:1034
[  247076ms] [ERROR] WebSocket connection to 'ws://localhost:5173/' failed: Error in connection establishment: net::ERR_CONNECTION_REFUSED @ http://localhost:5173/@vite/client:1034
[  248100ms] [ERROR] WebSocket connection to 'ws://localhost:5173/' failed: Error in connection establishment: net::ERR_CONNECTION_REFUSED @ http://localhost:5173/@vite/client:1034
[  249120ms] [ERROR] WebSocket connection to 'ws://localhost:5173/' failed: Error in connection establishment: net::ERR_CONNECTION_REFUSED @ http://localhost:5173/@vite/client:1034
[  250155ms] [ERROR] WebSocket connection to 'ws://localhost:5173/' failed: Error in connection establishment: net::ERR_CONNECTION_REFUSED @ http://localhost:5173/@vite/client:1034
[  251313ms] [ERROR] WebSocket connection to 'ws://localhost:5173/' failed: Error in connection establishment: net::ERR_CONNECTION_REFUSED @ http://localhost:5173/@vite/client:1034
[  252556ms] [ERROR] WebSocket connection to 'ws://localhost:5173/' failed: Error in connection establishment: net::ERR_CONNECTION_REFUSED @ http://localhost:5173/@vite/client:1034
[  253856ms] [ERROR] WebSocket connection to 'ws://localhost:5173/' failed: Error in connection establishment: net::ERR_CONNECTION_REFUSED @ http://localhost:5173/@vite/client:1034
[  255390ms] [ERROR] WebSocket connection to 'ws://localhost:5173/' failed: Error in connection establishment: net::ERR_CONNECTION_REFUSED @ http://localhost:5173/@vite/client:1034
[  257774ms] [ERROR] WebSocket connection to 'ws://localhost:5173/' failed: Error in connection establishment: net::ERR_CONNECTION_REFUSED @ http://localhost:5173/@vite/client:1034
[  261280ms] [ERROR] WebSocket connection to 'ws://localhost:5173/' failed: Error in connection establishment: net::ERR_CONNECTION_REFUSED @ http://localhost:5173/@vite/client:1034
[  264905ms] [ERROR] WebSocket connection to 'ws://localhost:5173/' failed: Error in connection establishment: net::ERR_CONNECTION_REFUSED @ http://localhost:5173/@vite/client:1034
[  270771ms] [ERROR] WebSocket connection to 'ws://localhost:5173/' failed: Error in connection establishment: net::ERR_CONNECTION_REFUSED @ http://localhost:5173/@vite/client:1034
[  275094ms] [ERROR] WebSocket connection to 'ws://localhost:5173/' failed: Error in connection establishment: net::ERR_CONNECTION_REFUSED @ http://localhost:5173/@vite/client:1034
[  280391ms] [ERROR] WebSocket connection to 'ws://localhost:5173/' failed: Error in connection establishment: net::ERR_CONNECTION_REFUSED @ http://localhost:5173/@vite/client:1034
[  282864ms] [ERROR] WebSocket connection to 'ws://localhost:5173/' failed: Error in connection establishment: net::ERR_CONNECTION_REFUSED @ http://localhost:5173/@vite/client:1034
[  287731ms] [ERROR] WebSocket connection to 'ws://localhost:5173/' failed: Error in connection establishment: net::ERR_CONNECTION_REFUSED @ http://localhost:5173/@vite/client:1034
[  293650ms] [ERROR] WebSocket connection to 'ws://localhost:5173/' failed: Error in connection establishment: net::ERR_CONNECTION_REFUSED @ http://localhost:5173/@vite/client:1034
[  298096ms] [ERROR] WebSocket connection to 'ws://localhost:5173/' failed: Error in connection establishment: net::ERR_CONNECTION_REFUSED @ http://localhost:5173/@vite/client:1034
[  301099ms] [ERROR] WebSocket connection to 'ws://localhost:5173/' failed: Error in connection establishment: net::ERR_CONNECTION_REFUSED @ http://localhost:5173/@vite/client:1034
[  304790ms] [ERROR] WebSocket connection to 'ws://localhost:5173/' failed: Error in connection establishment: net::ERR_CONNECTION_REFUSED @ http://localhost:5173/@vite/client:1034
[  307038ms] [ERROR] WebSocket connection to 'ws://localhost:5173/' failed: Error in connection establishment: net::ERR_CONNECTION_REFUSED @ http://localhost:5173/@vite/client:1034
[  310729ms] [ERROR] WebSocket connection to 'ws://localhost:5173/' failed: Error in connection establishment: net::ERR_CONNECTION_REFUSED @ http://localhost:5173/@vite/client:1034
[  316723ms] [ERROR] WebSocket connection to 'ws://localhost:5173/' failed: Error in connection establishment: net::ERR_CONNECTION_REFUSED @ http://localhost:5173/@vite/client:1034
[  319663ms] [ERROR] WebSocket connection to 'ws://localhost:5173/' failed: Error in connection establishment: net::ERR_CONNECTION_REFUSED @ http://localhost:5173/@vite/client:1034
[  324245ms] [ERROR] WebSocket connection to 'ws://localhost:5173/' failed: Error in connection establishment: net::ERR_CONNECTION_REFUSED @ http://localhost:5173/@vite/client:1034
[  327451ms] [ERROR] WebSocket connection to 'ws://localhost:5173/' failed: Error in connection establishment: net::ERR_CONNECTION_REFUSED @ http://localhost:5173/@vite/client:1034
[  330296ms] [ERROR] WebSocket connection to 'ws://localhost:5173/' failed: Error in connection establishment: net::ERR_CONNECTION_REFUSED @ http://localhost:5173/@vite/client:1034
[  334321ms] [ERROR] WebSocket connection to 'ws://localhost:5173/' failed: Error in connection establishment: net::ERR_CONNECTION_REFUSED @ http://localhost:5173/@vite/client:1034
[  339468ms] [ERROR] WebSocket connection to 'ws://localhost:5173/' failed: Error in connection establishment: net::ERR_CONNECTION_REFUSED @ http://localhost:5173/@vite/client:1034
[  342760ms] [ERROR] WebSocket connection to 'ws://localhost:5173/' failed: Error in connection establishment: net::ERR_CONNECTION_REFUSED @ http://localhost:5173/@vite/client:1034
[  346913ms] [ERROR] WebSocket connection to 'ws://localhost:5173/' failed: Error in connection establishment: net::ERR_CONNECTION_REFUSED @ http://localhost:5173/@vite/client:1034
[  352262ms] [ERROR] WebSocket connection to 'ws://localhost:5173/' failed: Error in connection establishment: net::ERR_CONNECTION_REFUSED @ http://localhost:5173/@vite/client:1034
[  356612ms] [ERROR] WebSocket connection to 'ws://localhost:5173/' failed: Error in connection establishment: net::ERR_CONNECTION_REFUSED @ http://localhost:5173/@vite/client:1034
[  361238ms] [ERROR] WebSocket connection to 'ws://localhost:5173/' failed: Error in connection establishment: net::ERR_CONNECTION_REFUSED @ http://localhost:5173/@vite/client:1034
[  365738ms] [ERROR] WebSocket connection to 'ws://localhost:5173/' failed: Error in connection establishment: net::ERR_CONNECTION_REFUSED @ http://localhost:5173/@vite/client:1034
[  369178ms] [ERROR] WebSocket connection to 'ws://localhost:5173/' failed: Error in connection establishment: net::ERR_CONNECTION_REFUSED @ http://localhost:5173/@vite/client:1034
[  375013ms] [ERROR] WebSocket connection to 'ws://localhost:5173/' failed: Error in connection establishment: net::ERR_CONNECTION_REFUSED @ http://localhost:5173/@vite/client:1034
[  378735ms] [ERROR] WebSocket connection to 'ws://localhost:5173/' failed: Error in connection establishment: net::ERR_CONNECTION_REFUSED @ http://localhost:5173/@vite/client:1034
[  382779ms] [ERROR] WebSocket connection to 'ws://localhost:5173/' failed: Error in connection establishment: net::ERR_CONNECTION_REFUSED @ http://localhost:5173/@vite/client:1034
[  385269ms] [ERROR] WebSocket connection to 'ws://localhost:5173/' failed: Error in connection establishment: net::ERR_CONNECTION_REFUSED @ http://localhost:5173/@vite/client:1034
[  389655ms] [ERROR] WebSocket connection to 'ws://localhost:5173/' failed: Error in connection establishment: net::ERR_CONNECTION_REFUSED @ http://localhost:5173/@vite/client:1034
[  392414ms] [ERROR] WebSocket connection to 'ws://localhost:5173/' failed: Error in connection establishment: net::ERR_CONNECTION_REFUSED @ http://localhost:5173/@vite/client:1034
[  397051ms] [ERROR] WebSocket connection to 'ws://localhost:5173/' failed: Error in connection establishment: net::ERR_CONNECTION_REFUSED @ http://localhost:5173/@vite/client:1034
[  399295ms] [ERROR] WebSocket connection to 'ws://localhost:5173/' failed: Error in connection establishment: net::ERR_CONNECTION_REFUSED @ http://localhost:5173/@vite/client:1034
[  401537ms] [ERROR] WebSocket connection to 'ws://localhost:5173/' failed: Error in connection establishment: net::ERR_CONNECTION_REFUSED @ http://localhost:5173/@vite/client:1034
[  404353ms] [ERROR] WebSocket connection to 'ws://localhost:5173/' failed: Error in connection establishment: net::ERR_CONNECTION_REFUSED @ http://localhost:5173/@vite/client:1034
[  409679ms] [ERROR] WebSocket connection to 'ws://localhost:5173/' failed: Error in connection establishment: net::ERR_CONNECTION_REFUSED @ http://localhost:5173/@vite/client:1034
[  413007ms] [ERROR] WebSocket connection to 'ws://localhost:5173/' failed: Error in connection establishment: net::ERR_CONNECTION_REFUSED @ http://localhost:5173/@vite/client:1034
[  417553ms] [ERROR] WebSocket connection to 'ws://localhost:5173/' failed: Error in connection establishment: net::ERR_CONNECTION_REFUSED @ http://localhost:5173/@vite/client:1034
[  420853ms] [ERROR] WebSocket connection to 'ws://localhost:5173/' failed: Error in connection establishment: net::ERR_CONNECTION_REFUSED @ http://localhost:5173/@vite/client:1034
[  425689ms] [ERROR] WebSocket connection to 'ws://localhost:5173/' failed: Error in connection establishment: net::ERR_CONNECTION_REFUSED @ http://localhost:5173/@vite/client:1034
[  430204ms] [ERROR] WebSocket connection to 'ws://localhost:5173/' failed: Error in connection establishment: net::ERR_CONNECTION_REFUSED @ http://localhost:5173/@vite/client:1034
[  433672ms] [ERROR] WebSocket connection to 'ws://localhost:5173/' failed: Error in connection establishment: net::ERR_CONNECTION_REFUSED @ http://localhost:5173/@vite/client:1034
[  438970ms] [ERROR] WebSocket connection to 'ws://localhost:5173/' failed: Error in connection establishment: net::ERR_CONNECTION_REFUSED @ http://localhost:5173/@vite/client:1034
[  443086ms] [ERROR] WebSocket connection to 'ws://localhost:5173/' failed: Error in connection establishment: net::ERR_CONNECTION_REFUSED @ http://localhost:5173/@vite/client:1034
[  448019ms] [ERROR] WebSocket connection to 'ws://localhost:5173/' failed: Error in connection establishment: net::ERR_CONNECTION_REFUSED @ http://localhost:5173/@vite/client:1034
[  452573ms] [ERROR] WebSocket connection to 'ws://localhost:5173/' failed: Error in connection establishment: net::ERR_CONNECTION_REFUSED @ http://localhost:5173/@vite/client:1034
[  456527ms] [ERROR] WebSocket connection to 'ws://localhost:5173/' failed: Error in connection establishment: net::ERR_CONNECTION_REFUSED @ http://localhost:5173/@vite/client:1034
[  460210ms] [ERROR] WebSocket connection to 'ws://localhost:5173/' failed: Error in connection establishment: net::ERR_CONNECTION_REFUSED @ http://localhost:5173/@vite/client:1034
[  464325ms] [ERROR] WebSocket connection to 'ws://localhost:5173/' failed: Error in connection establishment: net::ERR_CONNECTION_REFUSED @ http://localhost:5173/@vite/client:1034
[  466844ms] [ERROR] WebSocket connection to 'ws://localhost:5173/' failed: Error in connection establishment: net::ERR_CONNECTION_REFUSED @ http://localhost:5173/@vite/client:1034
[  471955ms] [ERROR] WebSocket connection to 'ws://localhost:5173/' failed: Error in connection establishment: net::ERR_CONNECTION_REFUSED @ http://localhost:5173/@vite/client:1034
[  477704ms] [ERROR] WebSocket connection to 'ws://localhost:5173/' failed: Error in connection establishment: net::ERR_CONNECTION_REFUSED @ http://localhost:5173/@vite/client:1034
[  481569ms] [ERROR] WebSocket connection to 'ws://localhost:5173/' failed: Error in connection establishment: net::ERR_CONNECTION_REFUSED @ http://localhost:5173/@vite/client:1034
[  483869ms] [ERROR] WebSocket connection to 'ws://localhost:5173/' failed: Error in connection establishment: net::ERR_CONNECTION_REFUSED @ http://localhost:5173/@vite/client:1034
[  487588ms] [ERROR] WebSocket connection to 'ws://localhost:5173/' failed: Error in connection establishment: net::ERR_CONNECTION_REFUSED @ http://localhost:5173/@vite/client:1034
[  492777ms] [ERROR] WebSocket connection to 'ws://localhost:5173/' failed: Error in connection establishment: net::ERR_CONNECTION_REFUSED @ http://localhost:5173/@vite/client:1034
[  495453ms] [ERROR] WebSocket connection to 'ws://localhost:5173/' failed: Error in connection establishment: net::ERR_CONNECTION_REFUSED @ http://localhost:5173/@vite/client:1034
[  498252ms] [ERROR] WebSocket connection to 'ws://localhost:5173/' failed: Error in connection establishment: net::ERR_CONNECTION_REFUSED @ http://localhost:5173/@vite/client:1034
[  503593ms] [ERROR] WebSocket connection to 'ws://localhost:5173/' failed: Error in connection establishment: net::ERR_CONNECTION_REFUSED @ http://localhost:5173/@vite/client:1034
[  508693ms] [ERROR] WebSocket connection to 'ws://localhost:5173/' failed: Error in connection establishment: net::ERR_CONNECTION_REFUSED @ http://localhost:5173/@vite/client:1034
[  512892ms] [ERROR] WebSocket connection to 'ws://localhost:5173/' failed: Error in connection establishment: net::ERR_CONNECTION_REFUSED @ http://localhost:5173/@vite/client:1034
[  515005ms] [ERROR] WebSocket connection to 'ws://localhost:5173/' failed: Error in connection establishment: net::ERR_CONNECTION_REFUSED @ http://localhost:5173/@vite/client:1034
[  520360ms] [ERROR] WebSocket connection to 'ws://localhost:5173/' failed: Error in connection establishment: net::ERR_CONNECTION_REFUSED @ http://localhost:5173/@vite/client:1034
[  525960ms] [ERROR] WebSocket connection to 'ws://localhost:5173/' failed: Error in connection establishment: net::ERR_CONNECTION_REFUSED @ http://localhost:5173/@vite/client:1034
[  529169ms] [ERROR] WebSocket connection to 'ws://localhost:5173/' failed: Error in connection establishment: net::ERR_CONNECTION_REFUSED @ http://localhost:5173/@vite/client:1034
[  532866ms] [ERROR] WebSocket connection to 'ws://localhost:5173/' failed: Error in connection establishment: net::ERR_CONNECTION_REFUSED @ http://localhost:5173/@vite/client:1034
[  538652ms] [ERROR] WebSocket connection to 'ws://localhost:5173/' failed: Error in connection establishment: net::ERR_CONNECTION_REFUSED @ http://localhost:5173/@vite/client:1034
[  543993ms] [ERROR] WebSocket connection to 'ws://localhost:5173/' failed: Error in connection establishment: net::ERR_CONNECTION_REFUSED @ http://localhost:5173/@vite/client:1034
[  547203ms] [ERROR] WebSocket connection to 'ws://localhost:5173/' failed: Error in connection establishment: net::ERR_CONNECTION_REFUSED @ http://localhost:5173/@vite/client:1034
[  550572ms] [ERROR] WebSocket connection to 'ws://localhost:5173/' failed: Error in connection establishment: net::ERR_CONNECTION_REFUSED @ http://localhost:5173/@vite/client:1034
[  553737ms] [ERROR] WebSocket connection to 'ws://localhost:5173/' failed: Error in connection establishment: net::ERR_CONNECTION_REFUSED @ http://localhost:5173/@vite/client:1034
[  559520ms] [ERROR] WebSocket connection to 'ws://localhost:5173/' failed: Error in connection establishment: net::ERR_CONNECTION_REFUSED @ http://localhost:5173/@vite/client:1034
[  563726ms] [ERROR] WebSocket connection to 'ws://localhost:5173/' failed: Error in connection establishment: net::ERR_CONNECTION_REFUSED @ http://localhost:5173/@vite/client:1034
[  566403ms] [ERROR] WebSocket connection to 'ws://localhost:5173/' failed: Error in connection establishment: net::ERR_CONNECTION_REFUSED @ http://localhost:5173/@vite/client:1034
[  571893ms] [ERROR] WebSocket connection to 'ws://localhost:5173/' failed: Error in connection establishment: net::ERR_CONNECTION_REFUSED @ http://localhost:5173/@vite/client:1034
[  577893ms] [ERROR] WebSocket connection to 'ws://localhost:5173/' failed: Error in connection establishment: net::ERR_CONNECTION_REFUSED @ http://localhost:5173/@vite/client:1034
[  581968ms] [ERROR] WebSocket connection to 'ws://localhost:5173/' failed: Error in connection establishment: net::ERR_CONNECTION_REFUSED @ http://localhost:5173/@vite/client:1034
[  584937ms] [ERROR] WebSocket connection to 'ws://localhost:5173/' failed: Error in connection establishment: net::ERR_CONNECTION_REFUSED @ http://localhost:5173/@vite/client:1034
[  588601ms] [ERROR] WebSocket connection to 'ws://localhost:5173/' failed: Error in connection establishment: net::ERR_CONNECTION_REFUSED @ http://localhost:5173/@vite/client:1034
[  593818ms] [ERROR] WebSocket connection to 'ws://localhost:5173/' failed: Error in connection establishment: net::ERR_CONNECTION_REFUSED @ http://localhost:5173/@vite/client:1034
[  596176ms] [ERROR] WebSocket connection to 'ws://localhost:5173/' failed: Error in connection establishment: net::ERR_CONNECTION_REFUSED @ http://localhost:5173/@vite/client:1034
[  601855ms] [ERROR] WebSocket connection to 'ws://localhost:5173/' failed: Error in connection establishment: net::ERR_CONNECTION_REFUSED @ http://localhost:5173/@vite/client:1034
[  605670ms] [ERROR] WebSocket connection to 'ws://localhost:5173/' failed: Error in connection establishment: net::ERR_CONNECTION_REFUSED @ http://localhost:5173/@vite/client:1034
[  609551ms] [ERROR] WebSocket connection to 'ws://localhost:5173/' failed: Error in connection establishment: net::ERR_CONNECTION_REFUSED @ http://localhost:5173/@vite/client:1034
[  614234ms] [ERROR] WebSocket connection to 'ws://localhost:5173/' failed: Error in connection establishment: net::ERR_CONNECTION_REFUSED @ http://localhost:5173/@vite/client:1034
[  617753ms] [ERROR] WebSocket connection to 'ws://localhost:5173/' failed: Error in connection establishment: net::ERR_CONNECTION_REFUSED @ http://localhost:5173/@vite/client:1034
[  621801ms] [ERROR] WebSocket connection to 'ws://localhost:5173/' failed: Error in connection establishment: net::ERR_CONNECTION_REFUSED @ http://localhost:5173/@vite/client:1034
[  627702ms] [ERROR] WebSocket connection to 'ws://localhost:5173/' failed: Error in connection establishment: net::ERR_CONNECTION_REFUSED @ http://localhost:5173/@vite/client:1034
[  631601ms] [ERROR] WebSocket connection to 'ws://localhost:5173/' failed: Error in connection establishment: net::ERR_CONNECTION_REFUSED @ http://localhost:5173/@vite/client:1034
[  634763ms] [ERROR] WebSocket connection to 'ws://localhost:5173/' failed: Error in connection establishment: net::ERR_CONNECTION_REFUSED @ http://localhost:5173/@vite/client:1034
[  638935ms] [ERROR] WebSocket connection to 'ws://localhost:5173/' failed: Error in connection establishment: net::ERR_CONNECTION_REFUSED @ http://localhost:5173/@vite/client:1034
[  643325ms] [ERROR] WebSocket connection to 'ws://localhost:5173/' failed: Error in connection establishment: net::ERR_CONNECTION_REFUSED @ http://localhost:5173/@vite/client:1034
[  647632ms] [ERROR] WebSocket connection to 'ws://localhost:5173/' failed: Error in connection establishment: net::ERR_CONNECTION_REFUSED @ http://localhost:5173/@vite/client:1034
[  649676ms] [ERROR] WebSocket connection to 'ws://localhost:5173/' failed: Error in connection establishment: net::ERR_CONNECTION_REFUSED @ http://localhost:5173/@vite/client:1034
[  653825ms] [ERROR] WebSocket connection to 'ws://localhost:5173/' failed: Error in connection establishment: net::ERR_CONNECTION_REFUSED @ http://localhost:5173/@vite/client:1034
[  656322ms] [ERROR] WebSocket connection to 'ws://localhost:5173/' failed: Error in connection establishment: net::ERR_CONNECTION_REFUSED @ http://localhost:5173/@vite/client:1034
[  659886ms] [ERROR] WebSocket connection to 'ws://localhost:5173/' failed: Error in connection establishment: net::ERR_CONNECTION_REFUSED @ http://localhost:5173/@vite/client:1034
[  664908ms] [ERROR] WebSocket connection to 'ws://localhost:5173/' failed: Error in connection establishment: net::ERR_CONNECTION_REFUSED @ http://localhost:5173/@vite/client:1034
[  670092ms] [ERROR] WebSocket connection to 'ws://localhost:5173/' failed: Error in connection establishment: net::ERR_CONNECTION_REFUSED @ http://localhost:5173/@vite/client:1034
[  673341ms] [ERROR] WebSocket connection to 'ws://localhost:5173/' failed: Error in connection establishment: net::ERR_CONNECTION_REFUSED @ http://localhost:5173/@vite/client:1034
[  675574ms] [ERROR] WebSocket connection to 'ws://localhost:5173/' failed: Error in connection establishment: net::ERR_CONNECTION_REFUSED @ http://localhost:5173/@vite/client:1034
[  681234ms] [ERROR] WebSocket connection to 'ws://localhost:5173/' failed: Error in connection establishment: net::ERR_CONNECTION_REFUSED @ http://localhost:5173/@vite/client:1034
[  684475ms] [ERROR] WebSocket connection to 'ws://localhost:5173/' failed: Error in connection establishment: net::ERR_CONNECTION_REFUSED @ http://localhost:5173/@vite/client:1034
[  689326ms] [ERROR] WebSocket connection to 'ws://localhost:5173/' failed: Error in connection establishment: net::ERR_CONNECTION_REFUSED @ http://localhost:5173/@vite/client:1034
[  692534ms] [ERROR] WebSocket connection to 'ws://localhost:5173/' failed: Error in connection establishment: net::ERR_CONNECTION_REFUSED @ http://localhost:5173/@vite/client:1034
[  695862ms] [ERROR] WebSocket connection to 'ws://localhost:5173/' failed: Error in connection establishment: net::ERR_CONNECTION_REFUSED @ http://localhost:5173/@vite/client:1034
[  698301ms] [ERROR] WebSocket connection to 'ws://localhost:5173/' failed: Error in connection establishment: net::ERR_CONNECTION_REFUSED @ http://localhost:5173/@vite/client:1034
[  703092ms] [ERROR] WebSocket connection to 'ws://localhost:5173/' failed: Error in connection establishment: net::ERR_CONNECTION_REFUSED @ http://localhost:5173/@vite/client:1034
[  707042ms] [ERROR] WebSocket connection to 'ws://localhost:5173/' failed: Error in connection establishment: net::ERR_CONNECTION_REFUSED @ http://localhost:5173/@vite/client:1034
[  709835ms] [ERROR] WebSocket connection to 'ws://localhost:5173/' failed: Error in connection establishment: net::ERR_CONNECTION_REFUSED @ http://localhost:5173/@vite/client:1034
[  712341ms] [ERROR] WebSocket connection to 'ws://localhost:5173/' failed: Error in connection establishment: net::ERR_CONNECTION_REFUSED @ http://localhost:5173/@vite/client:1034
[  716644ms] [ERROR] WebSocket connection to 'ws://localhost:5173/' failed: Error in connection establishment: net::ERR_CONNECTION_REFUSED @ http://localhost:5173/@vite/client:1034
[  719491ms] [ERROR] WebSocket connection to 'ws://localhost:5173/' failed: Error in connection establishment: net::ERR_CONNECTION_REFUSED @ http://localhost:5173/@vite/client:1034
[  723932ms] [ERROR] WebSocket connection to 'ws://localhost:5173/' failed: Error in connection establishment: net::ERR_CONNECTION_REFUSED @ http://localhost:5173/@vite/client:1034
[  728184ms] [ERROR] WebSocket connection to 'ws://localhost:5173/' failed: Error in connection establishment: net::ERR_CONNECTION_REFUSED @ http://localhost:5173/@vite/client:1034
[  731035ms] [ERROR] WebSocket connection to 'ws://localhost:5173/' failed: Error in connection establishment: net::ERR_CONNECTION_REFUSED @ http://localhost:5173/@vite/client:1034
[  735384ms] [ERROR] WebSocket connection to 'ws://localhost:5173/' failed: Error in connection establishment: net::ERR_CONNECTION_REFUSED @ http://localhost:5173/@vite/client:1034
[  739661ms] [ERROR] WebSocket connection to 'ws://localhost:5173/' failed: Error in connection establishment: net::ERR_CONNECTION_REFUSED @ http://localhost:5173/@vite/client:1034
[  744741ms] [ERROR] WebSocket connection to 'ws://localhost:5173/' failed: Error in connection establishment: net::ERR_CONNECTION_REFUSED @ http://localhost:5173/@vite/client:1034
[  747091ms] [ERROR] WebSocket connection to 'ws://localhost:5173/' failed: Error in connection establishment: net::ERR_CONNECTION_REFUSED @ http://localhost:5173/@vite/client:1034
[  751234ms] [ERROR] WebSocket connection to 'ws://localhost:5173/' failed: Error in connection establishment: net::ERR_CONNECTION_REFUSED @ http://localhost:5173/@vite/client:1034
[  753569ms] [ERROR] WebSocket connection to 'ws://localhost:5173/' failed: Error in connection establishment: net::ERR_CONNECTION_REFUSED @ http://localhost:5173/@vite/client:1034
[  757643ms] [ERROR] WebSocket connection to 'ws://localhost:5173/' failed: Error in connection establishment: net::ERR_CONNECTION_REFUSED @ http://localhost:5173/@vite/client:1034
[  763088ms] [ERROR] WebSocket connection to 'ws://localhost:5173/' failed: Error in connection establishment: net::ERR_CONNECTION_REFUSED @ http://localhost:5173/@vite/client:1034
[  767707ms] [ERROR] WebSocket connection to 'ws://localhost:5173/' failed: Error in connection establishment: net::ERR_CONNECTION_REFUSED @ http://localhost:5173/@vite/client:1034
[  771844ms] [ERROR] WebSocket connection to 'ws://localhost:5173/' failed: Error in connection establishment: net::ERR_CONNECTION_REFUSED @ http://localhost:5173/@vite/client:1034
[  775066ms] [ERROR] WebSocket connection to 'ws://localhost:5173/' failed: Error in connection establishment: net::ERR_CONNECTION_REFUSED @ http://localhost:5173/@vite/client:1034
[  779393ms] [ERROR] WebSocket connection to 'ws://localhost:5173/' failed: Error in connection establishment: net::ERR_CONNECTION_REFUSED @ http://localhost:5173/@vite/client:1034
[  781983ms] [ERROR] WebSocket connection to 'ws://localhost:5173/' failed: Error in connection establishment: net::ERR_CONNECTION_REFUSED @ http://localhost:5173/@vite/client:1034
[  786746ms] [ERROR] WebSocket connection to 'ws://localhost:5173/' failed: Error in connection establishment: net::ERR_CONNECTION_REFUSED @ http://localhost:5173/@vite/client:1034
[  791557ms] [ERROR] WebSocket connection to 'ws://localhost:5173/' failed: Error in connection establishment: net::ERR_CONNECTION_REFUSED @ http://localhost:5173/@vite/client:1034
[  794999ms] [ERROR] WebSocket connection to 'ws://localhost:5173/' failed: Error in connection establishment: net::ERR_CONNECTION_REFUSED @ http://localhost:5173/@vite/client:1034
[  800515ms] [ERROR] WebSocket connection to 'ws://localhost:5173/' failed: Error in connection establishment: net::ERR_CONNECTION_REFUSED @ http://localhost:5173/@vite/client:1034
[  806190ms] [ERROR] WebSocket connection to 'ws://localhost:5173/' failed: Error in connection establishment: net::ERR_CONNECTION_REFUSED @ http://localhost:5173/@vite/client:1034
[  812013ms] [ERROR] WebSocket connection to 'ws://localhost:5173/' failed: Error in connection establishment: net::ERR_CONNECTION_REFUSED @ http://localhost:5173/@vite/client:1034
[  815840ms] [ERROR] WebSocket connection to 'ws://localhost:5173/' failed: Error in connection establishment: net::ERR_CONNECTION_REFUSED @ http://localhost:5173/@vite/client:1034
[  817856ms] [ERROR] WebSocket connection to 'ws://localhost:5173/' failed: Error in connection establishment: net::ERR_CONNECTION_REFUSED @ http://localhost:5173/@vite/client:1034
[  819923ms] [ERROR] WebSocket connection to 'ws://localhost:5173/' failed: Error in connection establishment: net::ERR_CONNECTION_REFUSED @ http://localhost:5173/@vite/client:1034
[  822119ms] [ERROR] WebSocket connection to 'ws://localhost:5173/' failed: Error in connection establishment: net::ERR_CONNECTION_REFUSED @ http://localhost:5173/@vite/client:1034
[  828040ms] [ERROR] WebSocket connection to 'ws://localhost:5173/' failed: Error in connection establishment: net::ERR_CONNECTION_REFUSED @ http://localhost:5173/@vite/client:1034
[  830147ms] [ERROR] WebSocket connection to 'ws://localhost:5173/' failed: Error in connection establishment: net::ERR_CONNECTION_REFUSED @ http://localhost:5173/@vite/client:1034
[  834490ms] [ERROR] WebSocket connection to 'ws://localhost:5173/' failed: Error in connection establishment: net::ERR_CONNECTION_REFUSED @ http://localhost:5173/@vite/client:1034
[  838874ms] [ERROR] WebSocket connection to 'ws://localhost:5173/' failed: Error in connection establishment: net::ERR_CONNECTION_REFUSED @ http://localhost:5173/@vite/client:1034
[  842291ms] [ERROR] WebSocket connection to 'ws://localhost:5173/' failed: Error in connection establishment: net::ERR_CONNECTION_REFUSED @ http://localhost:5173/@vite/client:1034
[  847781ms] [ERROR] WebSocket connection to 'ws://localhost:5173/' failed: Error in connection establishment: net::ERR_CONNECTION_REFUSED @ http://localhost:5173/@vite/client:1034
[  853415ms] [ERROR] WebSocket connection to 'ws://localhost:5173/' failed: Error in connection establishment: net::ERR_CONNECTION_REFUSED @ http://localhost:5173/@vite/client:1034
[  856700ms] [ERROR] WebSocket connection to 'ws://localhost:5173/' failed: Error in connection establishment: net::ERR_CONNECTION_REFUSED @ http://localhost:5173/@vite/client:1034
[  861590ms] [ERROR] WebSocket connection to 'ws://localhost:5173/' failed: Error in connection establishment: net::ERR_CONNECTION_REFUSED @ http://localhost:5173/@vite/client:1034
[  866473ms] [ERROR] WebSocket connection to 'ws://localhost:5173/' failed: Error in connection establishment: net::ERR_CONNECTION_REFUSED @ http://localhost:5173/@vite/client:1034
[  871083ms] [ERROR] WebSocket connection to 'ws://localhost:5173/' failed: Error in connection establishment: net::ERR_CONNECTION_REFUSED @ http://localhost:5173/@vite/client:1034
[  876503ms] [ERROR] WebSocket connection to 'ws://localhost:5173/' failed: Error in connection establishment: net::ERR_CONNECTION_REFUSED @ http://localhost:5173/@vite/client:1034
[  879669ms] [ERROR] WebSocket connection to 'ws://localhost:5173/' failed: Error in connection establishment: net::ERR_CONNECTION_REFUSED @ http://localhost:5173/@vite/client:1034
[  882256ms] [ERROR] WebSocket connection to 'ws://localhost:5173/' failed: Error in connection establishment: net::ERR_CONNECTION_REFUSED @ http://localhost:5173/@vite/client:1034
[  887906ms] [ERROR] WebSocket connection to 'ws://localhost:5173/' failed: Error in connection establishment: net::ERR_CONNECTION_REFUSED @ http://localhost:5173/@vite/client:1034
[  892823ms] [ERROR] WebSocket connection to 'ws://localhost:5173/' failed: Error in connection establishment: net::ERR_CONNECTION_REFUSED @ http://localhost:5173/@vite/client:1034
[  897154ms] [ERROR] WebSocket connection to 'ws://localhost:5173/' failed: Error in connection establishment: net::ERR_CONNECTION_REFUSED @ http://localhost:5173/@vite/client:1034
[  901281ms] [ERROR] WebSocket connection to 'ws://localhost:5173/' failed: Error in connection establishment: net::ERR_CONNECTION_REFUSED @ http://localhost:5173/@vite/client:1034
[  903339ms] [ERROR] WebSocket connection to 'ws://localhost:5173/' failed: Error in connection establishment: net::ERR_CONNECTION_REFUSED @ http://localhost:5173/@vite/client:1034
[  909181ms] [ERROR] WebSocket connection to 'ws://localhost:5173/' failed: Error in connection establishment: net::ERR_CONNECTION_REFUSED @ http://localhost:5173/@vite/client:1034
[  912639ms] [ERROR] WebSocket connection to 'ws://localhost:5173/' failed: Error in connection establishment: net::ERR_CONNECTION_REFUSED @ http://localhost:5173/@vite/client:1034
[  918174ms] [ERROR] WebSocket connection to 'ws://localhost:5173/' failed: Error in connection establishment: net::ERR_CONNECTION_REFUSED @ http://localhost:5173/@vite/client:1034
[  920647ms] [ERROR] WebSocket connection to 'ws://localhost:5173/' failed: Error in connection establishment: net::ERR_CONNECTION_REFUSED @ http://localhost:5173/@vite/client:1034
[  923910ms] [ERROR] WebSocket connection to 'ws://localhost:5173/' failed: Error in connection establishment: net::ERR_CONNECTION_REFUSED @ http://localhost:5173/@vite/client:1034
[  927030ms] [ERROR] WebSocket connection to 'ws://localhost:5173/' failed: Error in connection establishment: net::ERR_CONNECTION_REFUSED @ http://localhost:5173/@vite/client:1034
[  931028ms] [ERROR] WebSocket connection to 'ws://localhost:5173/' failed: Error in connection establishment: net::ERR_CONNECTION_REFUSED @ http://localhost:5173/@vite/client:1034
[  936480ms] [ERROR] WebSocket connection to 'ws://localhost:5173/' failed: Error in connection establishment: net::ERR_CONNECTION_REFUSED @ http://localhost:5173/@vite/client:1034
[  939856ms] [ERROR] WebSocket connection to 'ws://localhost:5173/' failed: Error in connection establishment: net::ERR_CONNECTION_REFUSED @ http://localhost:5173/@vite/client:1034
[  942983ms] [ERROR] WebSocket connection to 'ws://localhost:5173/' failed: Error in connection establishment: net::ERR_CONNECTION_REFUSED @ http://localhost:5173/@vite/client:1034
[  948614ms] [ERROR] WebSocket connection to 'ws://localhost:5173/' failed: Error in connection establishment: net::ERR_CONNECTION_REFUSED @ http://localhost:5173/@vite/client:1034
[  953159ms] [ERROR] WebSocket connection to 'ws://localhost:5173/' failed: Error in connection establishment: net::ERR_CONNECTION_REFUSED @ http://localhost:5173/@vite/client:1034
[  957839ms] [ERROR] WebSocket connection to 'ws://localhost:5173/' failed: Error in connection establishment: net::ERR_CONNECTION_REFUSED @ http://localhost:5173/@vite/client:1034
[  962705ms] [ERROR] WebSocket connection to 'ws://localhost:5173/' failed: Error in connection establishment: net::ERR_CONNECTION_REFUSED @ http://localhost:5173/@vite/client:1034
[  966511ms] [ERROR] WebSocket connection to 'ws://localhost:5173/' failed: Error in connection establishment: net::ERR_CONNECTION_REFUSED @ http://localhost:5173/@vite/client:1034
[  968877ms] [ERROR] WebSocket connection to 'ws://localhost:5173/' failed: Error in connection establishment: net::ERR_CONNECTION_REFUSED @ http://localhost:5173/@vite/client:1034
[  974835ms] [ERROR] WebSocket connection to 'ws://localhost:5173/' failed: Error in connection establishment: net::ERR_CONNECTION_REFUSED @ http://localhost:5173/@vite/client:1034
[  979973ms] [ERROR] WebSocket connection to 'ws://localhost:5173/' failed: Error in connection establishment: net::ERR_CONNECTION_REFUSED @ http://localhost:5173/@vite/client:1034
[  982206ms] [ERROR] WebSocket connection to 'ws://localhost:5173/' failed: Error in connection establishment: net::ERR_CONNECTION_REFUSED @ http://localhost:5173/@vite/client:1034
[  988031ms] [ERROR] WebSocket connection to 'ws://localhost:5173/' failed: Error in connection establishment: net::ERR_CONNECTION_REFUSED @ http://localhost:5173/@vite/client:1034
[  993955ms] [ERROR] WebSocket connection to 'ws://localhost:5173/' failed: Error in connection establishment: net::ERR_CONNECTION_REFUSED @ http://localhost:5173/@vite/client:1034
[  997369ms] [ERROR] WebSocket connection to 'ws://localhost:5173/' failed: Error in connection establishment: net::ERR_CONNECTION_REFUSED @ http://localhost:5173/@vite/client:1034
[ 1003132ms] [ERROR] WebSocket connection to 'ws://localhost:5173/' failed: Error in connection establishment: net::ERR_CONNECTION_REFUSED @ http://localhost:5173/@vite/client:1034
[ 1008612ms] [ERROR] WebSocket connection to 'ws://localhost:5173/' failed: Error in connection establishment: net::ERR_CONNECTION_REFUSED @ http://localhost:5173/@vite/client:1034
[ 1014180ms] [ERROR] WebSocket connection to 'ws://localhost:5173/' failed: Error in connection establishment: net::ERR_CONNECTION_REFUSED @ http://localhost:5173/@vite/client:1034
[ 1017655ms] [ERROR] WebSocket connection to 'ws://localhost:5173/' failed: Error in connection establishment: net::ERR_CONNECTION_REFUSED @ http://localhost:5173/@vite/client:1034
[ 1022463ms] [ERROR] WebSocket connection to 'ws://localhost:5173/' failed: Error in connection establishment: net::ERR_CONNECTION_REFUSED @ http://localhost:5173/@vite/client:1034
[ 1026828ms] [ERROR] WebSocket connection to 'ws://localhost:5173/' failed: Error in connection establishment: net::ERR_CONNECTION_REFUSED @ http://localhost:5173/@vite/client:1034
[ 1032571ms] [ERROR] WebSocket connection to 'ws://localhost:5173/' failed: Error in connection establishment: net::ERR_CONNECTION_REFUSED @ http://localhost:5173/@vite/client:1034
[ 1037402ms] [ERROR] WebSocket connection to 'ws://localhost:5173/' failed: Error in connection establishment: net::ERR_CONNECTION_REFUSED @ http://localhost:5173/@vite/client:1034
[ 1040658ms] [ERROR] WebSocket connection to 'ws://localhost:5173/' failed: Error in connection establishment: net::ERR_CONNECTION_REFUSED @ http://localhost:5173/@vite/client:1034
[ 1043802ms] [ERROR] WebSocket connection to 'ws://localhost:5173/' failed: Error in connection establishment: net::ERR_CONNECTION_REFUSED @ http://localhost:5173/@vite/client:1034
[ 1047231ms] [ERROR] WebSocket connection to 'ws://localhost:5173/' failed: Error in connection establishment: net::ERR_CONNECTION_REFUSED @ http://localhost:5173/@vite/client:1034
[ 1052404ms] [ERROR] WebSocket connection to 'ws://localhost:5173/' failed: Error in connection establishment: net::ERR_CONNECTION_REFUSED @ http://localhost:5173/@vite/client:1034
[ 1055004ms] [ERROR] WebSocket connection to 'ws://localhost:5173/' failed: Error in connection establishment: net::ERR_CONNECTION_REFUSED @ http://localhost:5173/@vite/client:1034
[ 1057804ms] [ERROR] WebSocket connection to 'ws://localhost:5173/' failed: Error in connection establishment: net::ERR_CONNECTION_REFUSED @ http://localhost:5173/@vite/client:1034
[ 1061671ms] [ERROR] WebSocket connection to 'ws://localhost:5173/' failed: Error in connection establishment: net::ERR_CONNECTION_REFUSED @ http://localhost:5173/@vite/client:1034
[ 1067191ms] [ERROR] WebSocket connection to 'ws://localhost:5173/' failed: Error in connection establishment: net::ERR_CONNECTION_REFUSED @ http://localhost:5173/@vite/client:1034
[ 1069895ms] [ERROR] WebSocket connection to 'ws://localhost:5173/' failed: Error in connection establishment: net::ERR_CONNECTION_REFUSED @ http://localhost:5173/@vite/client:1034
[ 1073420ms] [ERROR] WebSocket connection to 'ws://localhost:5173/' failed: Error in connection establishment: net::ERR_CONNECTION_REFUSED @ http://localhost:5173/@vite/client:1034
[ 1075995ms] [ERROR] WebSocket connection to 'ws://localhost:5173/' failed: Error in connection establishment: net::ERR_CONNECTION_REFUSED @ http://localhost:5173/@vite/client:1034
[ 1079116ms] [ERROR] WebSocket connection to 'ws://localhost:5173/' failed: Error in connection establishment: net::ERR_CONNECTION_REFUSED @ http://localhost:5173/@vite/client:1034
[ 1081270ms] [ERROR] WebSocket connection to 'ws://localhost:5173/' failed: Error in connection establishment: net::ERR_CONNECTION_REFUSED @ http://localhost:5173/@vite/client:1034
[ 1084228ms] [ERROR] WebSocket connection to 'ws://localhost:5173/' failed: Error in connection establishment: net::ERR_CONNECTION_REFUSED @ http://localhost:5173/@vite/client:1034
[ 1087212ms] [ERROR] WebSocket connection to 'ws://localhost:5173/' failed: Error in connection establishment: net::ERR_CONNECTION_REFUSED @ http://localhost:5173/@vite/client:1034
[ 1091991ms] [ERROR] WebSocket connection to 'ws://localhost:5173/' failed: Error in connection establishment: net::ERR_CONNECTION_REFUSED @ http://localhost:5173/@vite/client:1034
[ 1096245ms] [ERROR] WebSocket connection to 'ws://localhost:5173/' failed: Error in connection establishment: net::ERR_CONNECTION_REFUSED @ http://localhost:5173/@vite/client:1034
[ 1099187ms] [ERROR] WebSocket connection to 'ws://localhost:5173/' failed: Error in connection establishment: net::ERR_CONNECTION_REFUSED @ http://localhost:5173/@vite/client:1034
[ 1103686ms] [ERROR] WebSocket connection to 'ws://localhost:5173/' failed: Error in connection establishment: net::ERR_CONNECTION_REFUSED @ http://localhost:5173/@vite/client:1034
[ 1106345ms] [ERROR] WebSocket connection to 'ws://localhost:5173/' failed: Error in connection establishment: net::ERR_CONNECTION_REFUSED @ http://localhost:5173/@vite/client:1034
[ 1111316ms] [ERROR] WebSocket connection to 'ws://localhost:5173/' failed: Error in connection establishment: net::ERR_CONNECTION_REFUSED @ http://localhost:5173/@vite/client:1034
[ 1115917ms] [ERROR] WebSocket connection to 'ws://localhost:5173/' failed: Error in connection establishment: net::ERR_CONNECTION_REFUSED @ http://localhost:5173/@vite/client:1034
[ 1120777ms] [ERROR] WebSocket connection to 'ws://localhost:5173/' failed: Error in connection establishment: net::ERR_CONNECTION_REFUSED @ http://localhost:5173/@vite/client:1034
[ 1123118ms] [ERROR] WebSocket connection to 'ws://localhost:5173/' failed: Error in connection establishment: net::ERR_CONNECTION_REFUSED @ http://localhost:5173/@vite/client:1034
[ 1126203ms] [ERROR] WebSocket connection to 'ws://localhost:5173/' failed: Error in connection establishment: net::ERR_CONNECTION_REFUSED @ http://localhost:5173/@vite/client:1034
[ 1128361ms] [ERROR] WebSocket connection to 'ws://localhost:5173/' failed: Error in connection establishment: net::ERR_CONNECTION_REFUSED @ http://localhost:5173/@vite/client:1034
[ 1131242ms] [ERROR] WebSocket connection to 'ws://localhost:5173/' failed: Error in connection establishment: net::ERR_CONNECTION_REFUSED @ http://localhost:5173/@vite/client:1034
[ 1137214ms] [ERROR] WebSocket connection to 'ws://localhost:5173/' failed: Error in connection establishment: net::ERR_CONNECTION_REFUSED @ http://localhost:5173/@vite/client:1034
[ 1139492ms] [ERROR] WebSocket connection to 'ws://localhost:5173/' failed: Error in connection establishment: net::ERR_CONNECTION_REFUSED @ http://localhost:5173/@vite/client:1034
[ 1141752ms] [ERROR] WebSocket connection to 'ws://localhost:5173/' failed: Error in connection establishment: net::ERR_CONNECTION_REFUSED @ http://localhost:5173/@vite/client:1034
[ 1147186ms] [ERROR] WebSocket connection to 'ws://localhost:5173/' failed: Error in connection establishment: net::ERR_CONNECTION_REFUSED @ http://localhost:5173/@vite/client:1034
[ 1152697ms] [ERROR] WebSocket connection to 'ws://localhost:5173/' failed: Error in connection establishment: net::ERR_CONNECTION_REFUSED @ http://localhost:5173/@vite/client:1034
[ 1157930ms] [ERROR] WebSocket connection to 'ws://localhost:5173/' failed: Error in connection establishment: net::ERR_CONNECTION_REFUSED @ http://localhost:5173/@vite/client:1034
[ 1163436ms] [ERROR] WebSocket connection to 'ws://localhost:5173/' failed: Error in connection establishment: net::ERR_CONNECTION_REFUSED @ http://localhost:5173/@vite/client:1034
[ 1168961ms] [ERROR] WebSocket connection to 'ws://localhost:5173/' failed: Error in connection establishment: net::ERR_CONNECTION_REFUSED @ http://localhost:5173/@vite/client:1034
[ 1171469ms] [ERROR] WebSocket connection to 'ws://localhost:5173/' failed: Error in connection establishment: net::ERR_CONNECTION_REFUSED @ http://localhost:5173/@vite/client:1034
[ 1177086ms] [ERROR] WebSocket connection to 'ws://localhost:5173/' failed: Error in connection establishment: net::ERR_CONNECTION_REFUSED @ http://localhost:5173/@vite/client:1034
[ 1180713ms] [ERROR] WebSocket connection to 'ws://localhost:5173/' failed: Error in connection establishment: net::ERR_CONNECTION_REFUSED @ http://localhost:5173/@vite/client:1034
[ 1184643ms] [ERROR] WebSocket connection to 'ws://localhost:5173/' failed: Error in connection establishment: net::ERR_CONNECTION_REFUSED @ http://localhost:5173/@vite/client:1034
[ 1188769ms] [ERROR] WebSocket connection to 'ws://localhost:5173/' failed: Error in connection establishment: net::ERR_CONNECTION_REFUSED @ http://localhost:5173/@vite/client:1034
[ 1191739ms] [ERROR] WebSocket connection to 'ws://localhost:5173/' failed: Error in connection establishment: net::ERR_CONNECTION_REFUSED @ http://localhost:5173/@vite/client:1034
[ 1196419ms] [ERROR] WebSocket connection to 'ws://localhost:5173/' failed: Error in connection establishment: net::ERR_CONNECTION_REFUSED @ http://localhost:5173/@vite/client:1034
[ 1200424ms] [ERROR] WebSocket connection to 'ws://localhost:5173/' failed: Error in connection establishment: net::ERR_CONNECTION_REFUSED @ http://localhost:5173/@vite/client:1034
[ 1201428ms] [ERROR] WebSocket connection to 'ws://localhost:5173/' failed: Error in connection establishment: net::ERR_CONNECTION_REFUSED @ http://localhost:5173/@vite/client:1034
[ 1202432ms] [ERROR] WebSocket connection to 'ws://localhost:5173/' failed: Error in connection establishment: net::ERR_CONNECTION_REFUSED @ http://localhost:5173/@vite/client:1034
[ 1203437ms] [ERROR] WebSocket connection to 'ws://localhost:5173/' failed: Error in connection establishment: net::ERR_CONNECTION_REFUSED @ http://localhost:5173/@vite/client:1034
[ 1204441ms] [ERROR] WebSocket connection to 'ws://localhost:5173/' failed: Error in connection establishment: net::ERR_CONNECTION_REFUSED @ http://localhost:5173/@vite/client:1034
[ 1205447ms] [ERROR] WebSocket connection to 'ws://localhost:5173/' failed: Error in connection establishment: net::ERR_CONNECTION_REFUSED @ http://localhost:5173/@vite/client:1034
[ 1206456ms] [ERROR] WebSocket connection to 'ws://localhost:5173/' failed: Error in connection establishment: net::ERR_CONNECTION_REFUSED @ http://localhost:5173/@vite/client:1034
[ 1207469ms] [ERROR] WebSocket connection to 'ws://localhost:5173/' failed: Error in connection establishment: net::ERR_CONNECTION_REFUSED @ http://localhost:5173/@vite/client:1034
[ 1208479ms] [ERROR] WebSocket connection to 'ws://localhost:5173/' failed: Error in connection establishment: net::ERR_CONNECTION_REFUSED @ http://localhost:5173/@vite/client:1034
[ 1209496ms] [ERROR] WebSocket connection to 'ws://localhost:5173/' failed: Error in connection establishment: net::ERR_CONNECTION_REFUSED @ http://localhost:5173/@vite/client:1034
[ 1210544ms] [ERROR] WebSocket connection to 'ws://localhost:5173/' failed: Error in connection establishment: net::ERR_CONNECTION_REFUSED @ http://localhost:5173/@vite/client:1034
[ 1211662ms] [ERROR] WebSocket connection to 'ws://localhost:5173/' failed: Error in connection establishment: net::ERR_CONNECTION_REFUSED @ http://localhost:5173/@vite/client:1034
[ 1212819ms] [ERROR] WebSocket connection to 'ws://localhost:5173/' failed: Error in connection establishment: net::ERR_CONNECTION_REFUSED @ http://localhost:5173/@vite/client:1034
[ 1214260ms] [ERROR] WebSocket connection to 'ws://localhost:5173/' failed: Error in connection establishment: net::ERR_CONNECTION_REFUSED @ http://localhost:5173/@vite/client:1034
[ 1215785ms] [ERROR] WebSocket connection to 'ws://localhost:5173/' failed: Error in connection establishment: net::ERR_CONNECTION_REFUSED @ http://localhost:5173/@vite/client:1034
[ 1218769ms] [ERROR] WebSocket connection to 'ws://localhost:5173/' failed: Error in connection establishment: net::ERR_CONNECTION_REFUSED @ http://localhost:5173/@vite/client:1034
[ 1221777ms] [ERROR] WebSocket connection to 'ws://localhost:5173/' failed: Error in connection establishment: net::ERR_CONNECTION_REFUSED @ http://localhost:5173/@vite/client:1034
[ 1224924ms] [ERROR] WebSocket connection to 'ws://localhost:5173/' failed: Error in connection establishment: net::ERR_CONNECTION_REFUSED @ http://localhost:5173/@vite/client:1034
[ 1230285ms] [ERROR] WebSocket connection to 'ws://localhost:5173/' failed: Error in connection establishment: net::ERR_CONNECTION_REFUSED @ http://localhost:5173/@vite/client:1034
[ 1234384ms] [ERROR] WebSocket connection to 'ws://localhost:5173/' failed: Error in connection establishment: net::ERR_CONNECTION_REFUSED @ http://localhost:5173/@vite/client:1034
[ 1237652ms] [ERROR] WebSocket connection to 'ws://localhost:5173/' failed: Error in connection establishment: net::ERR_CONNECTION_REFUSED @ http://localhost:5173/@vite/client:1034
[ 1243246ms] [ERROR] WebSocket connection to 'ws://localhost:5173/' failed: Error in connection establishment: net::ERR_CONNECTION_REFUSED @ http://localhost:5173/@vite/client:1034
[ 1247935ms] [ERROR] WebSocket connection to 'ws://localhost:5173/' failed: Error in connection establishment: net::ERR_CONNECTION_REFUSED @ http://localhost:5173/@vite/client:1034
[ 1250543ms] [ERROR] WebSocket connection to 'ws://localhost:5173/' failed: Error in connection establishment: net::ERR_CONNECTION_REFUSED @ http://localhost:5173/@vite/client:1034
[ 1252761ms] [ERROR] WebSocket connection to 'ws://localhost:5173/' failed: Error in connection establishment: net::ERR_CONNECTION_REFUSED @ http://localhost:5173/@vite/client:1034
[ 1256310ms] [ERROR] WebSocket connection to 'ws://localhost:5173/' failed: Error in connection establishment: net::ERR_CONNECTION_REFUSED @ http://localhost:5173/@vite/client:1034
[ 1260185ms] [ERROR] WebSocket connection to 'ws://localhost:5173/' failed: Error in connection establishment: net::ERR_CONNECTION_REFUSED @ http://localhost:5173/@vite/client:1034
[ 1263940ms] [ERROR] WebSocket connection to 'ws://localhost:5173/' failed: Error in connection establishment: net::ERR_CONNECTION_REFUSED @ http://localhost:5173/@vite/client:1034
[ 1268907ms] [ERROR] WebSocket connection to 'ws://localhost:5173/' failed: Error in connection establishment: net::ERR_CONNECTION_REFUSED @ http://localhost:5173/@vite/client:1034
[ 1273446ms] [ERROR] WebSocket connection to 'ws://localhost:5173/' failed: Error in connection establishment: net::ERR_CONNECTION_REFUSED @ http://localhost:5173/@vite/client:1034
[ 1278535ms] [ERROR] WebSocket connection to 'ws://localhost:5173/' failed: Error in connection establishment: net::ERR_CONNECTION_REFUSED @ http://localhost:5173/@vite/client:1034
[ 1281493ms] [ERROR] WebSocket connection to 'ws://localhost:5173/' failed: Error in connection establishment: net::ERR_CONNECTION_REFUSED @ http://localhost:5173/@vite/client:1034
[ 1287307ms] [ERROR] WebSocket connection to 'ws://localhost:5173/' failed: Error in connection establishment: net::ERR_CONNECTION_REFUSED @ http://localhost:5173/@vite/client:1034
[ 1290343ms] [ERROR] WebSocket connection to 'ws://localhost:5173/' failed: Error in connection establishment: net::ERR_CONNECTION_REFUSED @ http://localhost:5173/@vite/client:1034
[ 1292926ms] [ERROR] WebSocket connection to 'ws://localhost:5173/' failed: Error in connection establishment: net::ERR_CONNECTION_REFUSED @ http://localhost:5173/@vite/client:1034
[ 1297965ms] [ERROR] WebSocket connection to 'ws://localhost:5173/' failed: Error in connection establishment: net::ERR_CONNECTION_REFUSED @ http://localhost:5173/@vite/client:1034
[ 1300174ms] [ERROR] WebSocket connection to 'ws://localhost:5173/' failed: Error in connection establishment: net::ERR_CONNECTION_REFUSED @ http://localhost:5173/@vite/client:1034
[ 1305852ms] [ERROR] WebSocket connection to 'ws://localhost:5173/' failed: Error in connection establishment: net::ERR_CONNECTION_REFUSED @ http://localhost:5173/@vite/client:1034
[ 1311785ms] [ERROR] WebSocket connection to 'ws://localhost:5173/' failed: Error in connection establishment: net::ERR_CONNECTION_REFUSED @ http://localhost:5173/@vite/client:1034
[ 1317727ms] [ERROR] WebSocket connection to 'ws://localhost:5173/' failed: Error in connection establishment: net::ERR_CONNECTION_REFUSED @ http://localhost:5173/@vite/client:1034
[ 1321068ms] [ERROR] WebSocket connection to 'ws://localhost:5173/' failed: Error in connection establishment: net::ERR_CONNECTION_REFUSED @ http://localhost:5173/@vite/client:1034
[ 1322071ms] [ERROR] WebSocket connection to 'ws://localhost:5173/' failed: Error in connection establishment: net::ERR_CONNECTION_REFUSED @ http://localhost:5173/@vite/client:1034
[ 1323076ms] [ERROR] WebSocket connection to 'ws://localhost:5173/' failed: Error in connection establishment: net::ERR_CONNECTION_REFUSED @ http://localhost:5173/@vite/client:1034
[ 1324082ms] [ERROR] WebSocket connection to 'ws://localhost:5173/' failed: Error in connection establishment: net::ERR_CONNECTION_REFUSED @ http://localhost:5173/@vite/client:1034
[ 1325087ms] [ERROR] WebSocket connection to 'ws://localhost:5173/' failed: Error in connection establishment: net::ERR_CONNECTION_REFUSED @ http://localhost:5173/@vite/client:1034
[ 1326092ms] [ERROR] WebSocket connection to 'ws://localhost:5173/' failed: Error in connection establishment: net::ERR_CONNECTION_REFUSED @ http://localhost:5173/@vite/client:1034
[ 1327103ms] [ERROR] WebSocket connection to 'ws://localhost:5173/' failed: Error in connection establishment: net::ERR_CONNECTION_REFUSED @ http://localhost:5173/@vite/client:1034
[ 1328116ms] [ERROR] WebSocket connection to 'ws://localhost:5173/' failed: Error in connection establishment: net::ERR_CONNECTION_REFUSED @ http://localhost:5173/@vite/client:1034
[ 1329129ms] [ERROR] WebSocket connection to 'ws://localhost:5173/' failed: Error in connection establishment: net::ERR_CONNECTION_REFUSED @ http://localhost:5173/@vite/client:1034
[ 1330182ms] [ERROR] WebSocket connection to 'ws://localhost:5173/' failed: Error in connection establishment: net::ERR_CONNECTION_REFUSED @ http://localhost:5173/@vite/client:1034
[ 1331220ms] [ERROR] WebSocket connection to 'ws://localhost:5173/' failed: Error in connection establishment: net::ERR_CONNECTION_REFUSED @ http://localhost:5173/@vite/client:1034
[ 1332289ms] [ERROR] WebSocket connection to 'ws://localhost:5173/' failed: Error in connection establishment: net::ERR_CONNECTION_REFUSED @ http://localhost:5173/@vite/client:1034
[ 1333430ms] [ERROR] WebSocket connection to 'ws://localhost:5173/' failed: Error in connection establishment: net::ERR_CONNECTION_REFUSED @ http://localhost:5173/@vite/client:1034
[ 1334693ms] [ERROR] WebSocket connection to 'ws://localhost:5173/' failed: Error in connection establishment: net::ERR_CONNECTION_REFUSED @ http://localhost:5173/@vite/client:1034
[ 1336435ms] [ERROR] WebSocket connection to 'ws://localhost:5173/' failed: Error in connection establishment: net::ERR_CONNECTION_REFUSED @ http://localhost:5173/@vite/client:1034
[ 1339935ms] [ERROR] WebSocket connection to 'ws://localhost:5173/' failed: Error in connection establishment: net::ERR_CONNECTION_REFUSED @ http://localhost:5173/@vite/client:1034
[ 1343402ms] [ERROR] WebSocket connection to 'ws://localhost:5173/' failed: Error in connection establishment: net::ERR_CONNECTION_REFUSED @ http://localhost:5173/@vite/client:1034
[ 1347961ms] [ERROR] WebSocket connection to 'ws://localhost:5173/' failed: Error in connection establishment: net::ERR_CONNECTION_REFUSED @ http://localhost:5173/@vite/client:1034
[ 1353304ms] [ERROR] WebSocket connection to 'ws://localhost:5173/' failed: Error in connection establishment: net::ERR_CONNECTION_REFUSED @ http://localhost:5173/@vite/client:1034
[ 1356693ms] [ERROR] WebSocket connection to 'ws://localhost:5173/' failed: Error in connection establishment: net::ERR_CONNECTION_REFUSED @ http://localhost:5173/@vite/client:1034
[ 1359649ms] [ERROR] WebSocket connection to 'ws://localhost:5173/' failed: Error in connection establishment: net::ERR_CONNECTION_REFUSED @ http://localhost:5173/@vite/client:1034
[ 1364359ms] [ERROR] WebSocket connection to 'ws://localhost:5173/' failed: Error in connection establishment: net::ERR_CONNECTION_REFUSED @ http://localhost:5173/@vite/client:1034
[ 1366952ms] [ERROR] WebSocket connection to 'ws://localhost:5173/' failed: Error in connection establishment: net::ERR_CONNECTION_REFUSED @ http://localhost:5173/@vite/client:1034
[ 1370989ms] [ERROR] WebSocket connection to 'ws://localhost:5173/' failed: Error in connection establishment: net::ERR_CONNECTION_REFUSED @ http://localhost:5173/@vite/client:1034
[ 1373117ms] [ERROR] WebSocket connection to 'ws://localhost:5173/' failed: Error in connection establishment: net::ERR_CONNECTION_REFUSED @ http://localhost:5173/@vite/client:1034
[ 1375837ms] [ERROR] WebSocket connection to 'ws://localhost:5173/' failed: Error in connection establishment: net::ERR_CONNECTION_REFUSED @ http://localhost:5173/@vite/client:1034
[ 1378565ms] [ERROR] WebSocket connection to 'ws://localhost:5173/' failed: Error in connection establishment: net::ERR_CONNECTION_REFUSED @ http://localhost:5173/@vite/client:1034
[ 1381972ms] [ERROR] WebSocket connection to 'ws://localhost:5173/' failed: Error in connection establishment: net::ERR_CONNECTION_REFUSED @ http://localhost:5173/@vite/client:1034
[ 1384081ms] [ERROR] WebSocket connection to 'ws://localhost:5173/' failed: Error in connection establishment: net::ERR_CONNECTION_REFUSED @ http://localhost:5173/@vite/client:1034
[ 1386525ms] [ERROR] WebSocket connection to 'ws://localhost:5173/' failed: Error in connection establishment: net::ERR_CONNECTION_REFUSED @ http://localhost:5173/@vite/client:1034
[ 1392475ms] [ERROR] WebSocket connection to 'ws://localhost:5173/' failed: Error in connection establishment: net::ERR_CONNECTION_REFUSED @ http://localhost:5173/@vite/client:1034
[ 1396924ms] [ERROR] WebSocket connection to 'ws://localhost:5173/' failed: Error in connection establishment: net::ERR_CONNECTION_REFUSED @ http://localhost:5173/@vite/client:1034
[ 1402103ms] [ERROR] WebSocket connection to 'ws://localhost:5173/' failed: Error in connection establishment: net::ERR_CONNECTION_REFUSED @ http://localhost:5173/@vite/client:1034
[ 1405106ms] [ERROR] WebSocket connection to 'ws://localhost:5173/' failed: Error in connection establishment: net::ERR_CONNECTION_REFUSED @ http://localhost:5173/@vite/client:1034
[ 1409477ms] [ERROR] WebSocket connection to 'ws://localhost:5173/' failed: Error in connection establishment: net::ERR_CONNECTION_REFUSED @ http://localhost:5173/@vite/client:1034
[ 1411973ms] [ERROR] WebSocket connection to 'ws://localhost:5173/' failed: Error in connection establishment: net::ERR_CONNECTION_REFUSED @ http://localhost:5173/@vite/client:1034
[ 1417609ms] [ERROR] WebSocket connection to 'ws://localhost:5173/' failed: Error in connection establishment: net::ERR_CONNECTION_REFUSED @ http://localhost:5173/@vite/client:1034
[ 1420324ms] [ERROR] WebSocket connection to 'ws://localhost:5173/' failed: Error in connection establishment: net::ERR_CONNECTION_REFUSED @ http://localhost:5173/@vite/client:1034
[ 1423035ms] [ERROR] WebSocket connection to 'ws://localhost:5173/' failed: Error in connection establishment: net::ERR_CONNECTION_REFUSED @ http://localhost:5173/@vite/client:1034
[ 1425078ms] [ERROR] WebSocket connection to 'ws://localhost:5173/' failed: Error in connection establishment: net::ERR_CONNECTION_REFUSED @ http://localhost:5173/@vite/client:1034
[ 1428232ms] [ERROR] WebSocket connection to 'ws://localhost:5173/' failed: Error in connection establishment: net::ERR_CONNECTION_REFUSED @ http://localhost:5173/@vite/client:1034
[ 1433782ms] [ERROR] WebSocket connection to 'ws://localhost:5173/' failed: Error in connection establishment: net::ERR_CONNECTION_REFUSED @ http://localhost:5173/@vite/client:1034
[ 1436572ms] [ERROR] WebSocket connection to 'ws://localhost:5173/' failed: Error in connection establishment: net::ERR_CONNECTION_REFUSED @ http://localhost:5173/@vite/client:1034
[ 1441684ms] [ERROR] WebSocket connection to 'ws://localhost:5173/' failed: Error in connection establishment: net::ERR_CONNECTION_REFUSED @ http://localhost:5173/@vite/client:1034
[ 1442689ms] [ERROR] WebSocket connection to 'ws://localhost:5173/' failed: Error in connection establishment: net::ERR_CONNECTION_REFUSED @ http://localhost:5173/@vite/client:1034
[ 1443694ms] [ERROR] WebSocket connection to 'ws://localhost:5173/' failed: Error in connection establishment: net::ERR_CONNECTION_REFUSED @ http://localhost:5173/@vite/client:1034
[ 1444698ms] [ERROR] WebSocket connection to 'ws://localhost:5173/' failed: Error in connection establishment: net::ERR_CONNECTION_REFUSED @ http://localhost:5173/@vite/client:1034
[ 1445702ms] [ERROR] WebSocket connection to 'ws://localhost:5173/' failed: Error in connection establishment: net::ERR_CONNECTION_REFUSED @ http://localhost:5173/@vite/client:1034
[ 1446709ms] [ERROR] WebSocket connection to 'ws://localhost:5173/' failed: Error in connection establishment: net::ERR_CONNECTION_REFUSED @ http://localhost:5173/@vite/client:1034
[ 1447717ms] [ERROR] WebSocket connection to 'ws://localhost:5173/' failed: Error in connection establishment: net::ERR_CONNECTION_REFUSED @ http://localhost:5173/@vite/client:1034
[ 1448735ms] [ERROR] WebSocket connection to 'ws://localhost:5173/' failed: Error in connection establishment: net::ERR_CONNECTION_REFUSED @ http://localhost:5173/@vite/client:1034
[ 1449759ms] [ERROR] WebSocket connection to 'ws://localhost:5173/' failed: Error in connection establishment: net::ERR_CONNECTION_REFUSED @ http://localhost:5173/@vite/client:1034
[ 1450779ms] [ERROR] WebSocket connection to 'ws://localhost:5173/' failed: Error in connection establishment: net::ERR_CONNECTION_REFUSED @ http://localhost:5173/@vite/client:1034
[ 1451850ms] [ERROR] WebSocket connection to 'ws://localhost:5173/' failed: Error in connection establishment: net::ERR_CONNECTION_REFUSED @ http://localhost:5173/@vite/client:1034
[ 1452991ms] [ERROR] WebSocket connection to 'ws://localhost:5173/' failed: Error in connection establishment: net::ERR_CONNECTION_REFUSED @ http://localhost:5173/@vite/client:1034
[ 1454089ms] [ERROR] WebSocket connection to 'ws://localhost:5173/' failed: Error in connection establishment: net::ERR_CONNECTION_REFUSED @ http://localhost:5173/@vite/client:1034
[ 1455447ms] [ERROR] WebSocket connection to 'ws://localhost:5173/' failed: Error in connection establishment: net::ERR_CONNECTION_REFUSED @ http://localhost:5173/@vite/client:1034
[ 1457104ms] [ERROR] WebSocket connection to 'ws://localhost:5173/' failed: Error in connection establishment: net::ERR_CONNECTION_REFUSED @ http://localhost:5173/@vite/client:1034
[ 1460579ms] [ERROR] WebSocket connection to 'ws://localhost:5173/' failed: Error in connection establishment: net::ERR_CONNECTION_REFUSED @ http://localhost:5173/@vite/client:1034
[ 1462835ms] [ERROR] WebSocket connection to 'ws://localhost:5173/' failed: Error in connection establishment: net::ERR_CONNECTION_REFUSED @ http://localhost:5173/@vite/client:1034
[ 1467944ms] [ERROR] WebSocket connection to 'ws://localhost:5173/' failed: Error in connection establishment: net::ERR_CONNECTION_REFUSED @ http://localhost:5173/@vite/client:1034
[ 1472924ms] [ERROR] WebSocket connection to 'ws://localhost:5173/' failed: Error in connection establishment: net::ERR_CONNECTION_REFUSED @ http://localhost:5173/@vite/client:1034
[ 1477773ms] [ERROR] WebSocket connection to 'ws://localhost:5173/' failed: Error in connection establishment: net::ERR_CONNECTION_REFUSED @ http://localhost:5173/@vite/client:1034
[ 1480858ms] [ERROR] WebSocket connection to 'ws://localhost:5173/' failed: Error in connection establishment: net::ERR_CONNECTION_REFUSED @ http://localhost:5173/@vite/client:1034
[ 1485917ms] [ERROR] WebSocket connection to 'ws://localhost:5173/' failed: Error in connection establishment: net::ERR_CONNECTION_REFUSED @ http://localhost:5173/@vite/client:1034
[ 1490129ms] [ERROR] WebSocket connection to 'ws://localhost:5173/' failed: Error in connection establishment: net::ERR_CONNECTION_REFUSED @ http://localhost:5173/@vite/client:1034
[ 1493602ms] [ERROR] WebSocket connection to 'ws://localhost:5173/' failed: Error in connection establishment: net::ERR_CONNECTION_REFUSED @ http://localhost:5173/@vite/client:1034
[ 1499259ms] [ERROR] WebSocket connection to 'ws://localhost:5173/' failed: Error in connection establishment: net::ERR_CONNECTION_REFUSED @ http://localhost:5173/@vite/client:1034
[ 1503480ms] [ERROR] WebSocket connection to 'ws://localhost:5173/' failed: Error in connection establishment: net::ERR_CONNECTION_REFUSED @ http://localhost:5173/@vite/client:1034
[ 1506433ms] [ERROR] WebSocket connection to 'ws://localhost:5173/' failed: Error in connection establishment: net::ERR_CONNECTION_REFUSED @ http://localhost:5173/@vite/client:1034
[ 1511071ms] [ERROR] WebSocket connection to 'ws://localhost:5173/' failed: Error in connection establishment: net::ERR_CONNECTION_REFUSED @ http://localhost:5173/@vite/client:1034
[ 1513135ms] [ERROR] WebSocket connection to 'ws://localhost:5173/' failed: Error in connection establishment: net::ERR_CONNECTION_REFUSED @ http://localhost:5173/@vite/client:1034
[ 1515782ms] [ERROR] WebSocket connection to 'ws://localhost:5173/' failed: Error in connection establishment: net::ERR_CONNECTION_REFUSED @ http://localhost:5173/@vite/client:1034
[ 1518768ms] [ERROR] WebSocket connection to 'ws://localhost:5173/' failed: Error in connection establishment: net::ERR_CONNECTION_REFUSED @ http://localhost:5173/@vite/client:1034
[ 1521555ms] [ERROR] WebSocket connection to 'ws://localhost:5173/' failed: Error in connection establishment: net::ERR_CONNECTION_REFUSED @ http://localhost:5173/@vite/client:1034
[ 1527145ms] [ERROR] WebSocket connection to 'ws://localhost:5173/' failed: Error in connection establishment: net::ERR_CONNECTION_REFUSED @ http://localhost:5173/@vite/client:1034
[ 1529471ms] [ERROR] WebSocket connection to 'ws://localhost:5173/' failed: Error in connection establishment: net::ERR_CONNECTION_REFUSED @ http://localhost:5173/@vite/client:1034
[ 1533615ms] [ERROR] WebSocket connection to 'ws://localhost:5173/' failed: Error in connection establishment: net::ERR_CONNECTION_REFUSED @ http://localhost:5173/@vite/client:1034
[ 1539526ms] [ERROR] WebSocket connection to 'ws://localhost:5173/' failed: Error in connection establishment: net::ERR_CONNECTION_REFUSED @ http://localhost:5173/@vite/client:1034
[ 1543896ms] [ERROR] WebSocket connection to 'ws://localhost:5173/' failed: Error in connection establishment: net::ERR_CONNECTION_REFUSED @ http://localhost:5173/@vite/client:1034
[ 1547052ms] [ERROR] WebSocket connection to 'ws://localhost:5173/' failed: Error in connection establishment: net::ERR_CONNECTION_REFUSED @ http://localhost:5173/@vite/client:1034
[ 1550651ms] [ERROR] WebSocket connection to 'ws://localhost:5173/' failed: Error in connection establishment: net::ERR_CONNECTION_REFUSED @ http://localhost:5173/@vite/client:1034
[ 1554779ms] [ERROR] WebSocket connection to 'ws://localhost:5173/' failed: Error in connection establishment: net::ERR_CONNECTION_REFUSED @ http://localhost:5173/@vite/client:1034
[ 1558326ms] [ERROR] WebSocket connection to 'ws://localhost:5173/' failed: Error in connection establishment: net::ERR_CONNECTION_REFUSED @ http://localhost:5173/@vite/client:1034
[ 1560446ms] [ERROR] WebSocket connection to 'ws://localhost:5173/' failed: Error in connection establishment: net::ERR_CONNECTION_REFUSED @ http://localhost:5173/@vite/client:1034
[ 1565124ms] [ERROR] WebSocket connection to 'ws://localhost:5173/' failed: Error in connection establishment: net::ERR_CONNECTION_REFUSED @ http://localhost:5173/@vite/client:1034
[ 1568014ms] [ERROR] WebSocket connection to 'ws://localhost:5173/' failed: Error in connection establishment: net::ERR_CONNECTION_REFUSED @ http://localhost:5173/@vite/client:1034
[ 1570768ms] [ERROR] WebSocket connection to 'ws://localhost:5173/' failed: Error in connection establishment: net::ERR_CONNECTION_REFUSED @ http://localhost:5173/@vite/client:1034
[ 1573267ms] [ERROR] WebSocket connection to 'ws://localhost:5173/' failed: Error in connection establishment: net::ERR_CONNECTION_REFUSED @ http://localhost:5173/@vite/client:1034
[ 1579041ms] [ERROR] WebSocket connection to 'ws://localhost:5173/' failed: Error in connection establishment: net::ERR_CONNECTION_REFUSED @ http://localhost:5173/@vite/client:1034
[ 1581216ms] [ERROR] WebSocket connection to 'ws://localhost:5173/' failed: Error in connection establishment: net::ERR_CONNECTION_REFUSED @ http://localhost:5173/@vite/client:1034
[ 1586063ms] [ERROR] WebSocket connection to 'ws://localhost:5173/' failed: Error in connection establishment: net::ERR_CONNECTION_REFUSED @ http://localhost:5173/@vite/client:1034
[ 1590720ms] [ERROR] WebSocket connection to 'ws://localhost:5173/' failed: Error in connection establishment: net::ERR_CONNECTION_REFUSED @ http://localhost:5173/@vite/client:1034
[ 1595474ms] [ERROR] WebSocket connection to 'ws://localhost:5173/' failed: Error in connection establishment: net::ERR_CONNECTION_REFUSED @ http://localhost:5173/@vite/client:1034
[ 1598290ms] [ERROR] WebSocket connection to 'ws://localhost:5173/' failed: Error in connection establishment: net::ERR_CONNECTION_REFUSED @ http://localhost:5173/@vite/client:1034
[ 1600912ms] [ERROR] WebSocket connection to 'ws://localhost:5173/' failed: Error in connection establishment: net::ERR_CONNECTION_REFUSED @ http://localhost:5173/@vite/client:1034
[ 1604413ms] [ERROR] WebSocket connection to 'ws://localhost:5173/' failed: Error in connection establishment: net::ERR_CONNECTION_REFUSED @ http://localhost:5173/@vite/client:1034
[ 1608285ms] [ERROR] WebSocket connection to 'ws://localhost:5173/' failed: Error in connection establishment: net::ERR_CONNECTION_REFUSED @ http://localhost:5173/@vite/client:1034
[ 1612635ms] [ERROR] WebSocket connection to 'ws://localhost:5173/' failed: Error in connection establishment: net::ERR_CONNECTION_REFUSED @ http://localhost:5173/@vite/client:1034
[ 1618573ms] [ERROR] WebSocket connection to 'ws://localhost:5173/' failed: Error in connection establishment: net::ERR_CONNECTION_REFUSED @ http://localhost:5173/@vite/client:1034
[ 1620862ms] [ERROR] WebSocket connection to 'ws://localhost:5173/' failed: Error in connection establishment: net::ERR_CONNECTION_REFUSED @ http://localhost:5173/@vite/client:1034
[ 1625986ms] [ERROR] WebSocket connection to 'ws://localhost:5173/' failed: Error in connection establishment: net::ERR_CONNECTION_REFUSED @ http://localhost:5173/@vite/client:1034
[ 1629651ms] [ERROR] WebSocket connection to 'ws://localhost:5173/' failed: Error in connection establishment: net::ERR_CONNECTION_REFUSED @ http://localhost:5173/@vite/client:1034
[ 1632035ms] [ERROR] WebSocket connection to 'ws://localhost:5173/' failed: Error in connection establishment: net::ERR_CONNECTION_REFUSED @ http://localhost:5173/@vite/client:1034
[ 1637174ms] [ERROR] WebSocket connection to 'ws://localhost:5173/' failed: Error in connection establishment: net::ERR_CONNECTION_REFUSED @ http://localhost:5173/@vite/client:1034
[ 1639189ms] [ERROR] WebSocket connection to 'ws://localhost:5173/' failed: Error in connection establishment: net::ERR_CONNECTION_REFUSED @ http://localhost:5173/@vite/client:1034
[ 1644868ms] [ERROR] WebSocket connection to 'ws://localhost:5173/' failed: Error in connection establishment: net::ERR_CONNECTION_REFUSED @ http://localhost:5173/@vite/client:1034
[ 1649917ms] [ERROR] WebSocket connection to 'ws://localhost:5173/' failed: Error in connection establishment: net::ERR_CONNECTION_REFUSED @ http://localhost:5173/@vite/client:1034
[ 1655473ms] [ERROR] WebSocket connection to 'ws://localhost:5173/' failed: Error in connection establishment: net::ERR_CONNECTION_REFUSED @ http://localhost:5173/@vite/client:1034
[ 1657575ms] [ERROR] WebSocket connection to 'ws://localhost:5173/' failed: Error in connection establishment: net::ERR_CONNECTION_REFUSED @ http://localhost:5173/@vite/client:1034
[ 1660778ms] [ERROR] WebSocket connection to 'ws://localhost:5173/' failed: Error in connection establishment: net::ERR_CONNECTION_REFUSED @ http://localhost:5173/@vite/client:1034
[ 1663578ms] [ERROR] WebSocket connection to 'ws://localhost:5173/' failed: Error in connection establishment: net::ERR_CONNECTION_REFUSED @ http://localhost:5173/@vite/client:1034
[ 1667252ms] [ERROR] WebSocket connection to 'ws://localhost:5173/' failed: Error in connection establishment: net::ERR_CONNECTION_REFUSED @ http://localhost:5173/@vite/client:1034
[ 1671903ms] [ERROR] WebSocket connection to 'ws://localhost:5173/' failed: Error in connection establishment: net::ERR_CONNECTION_REFUSED @ http://localhost:5173/@vite/client:1034
[ 1674149ms] [ERROR] WebSocket connection to 'ws://localhost:5173/' failed: Error in connection establishment: net::ERR_CONNECTION_REFUSED @ http://localhost:5173/@vite/client:1034
[ 1678382ms] [ERROR] WebSocket connection to 'ws://localhost:5173/' failed: Error in connection establishment: net::ERR_CONNECTION_REFUSED @ http://localhost:5173/@vite/client:1034
[ 1684003ms] [ERROR] WebSocket connection to 'ws://localhost:5173/' failed: Error in connection establishment: net::ERR_CONNECTION_REFUSED @ http://localhost:5173/@vite/client:1034
[ 1687240ms] [ERROR] WebSocket connection to 'ws://localhost:5173/' failed: Error in connection establishment: net::ERR_CONNECTION_REFUSED @ http://localhost:5173/@vite/client:1034
[ 1691016ms] [ERROR] WebSocket connection to 'ws://localhost:5173/' failed: Error in connection establishment: net::ERR_CONNECTION_REFUSED @ http://localhost:5173/@vite/client:1034
[ 1696316ms] [ERROR] WebSocket connection to 'ws://localhost:5173/' failed: Error in connection establishment: net::ERR_CONNECTION_REFUSED @ http://localhost:5173/@vite/client:1034
[ 1701560ms] [ERROR] WebSocket connection to 'ws://localhost:5173/' failed: Error in connection establishment: net::ERR_CONNECTION_REFUSED @ http://localhost:5173/@vite/client:1034
[ 1704533ms] [ERROR] WebSocket connection to 'ws://localhost:5173/' failed: Error in connection establishment: net::ERR_CONNECTION_REFUSED @ http://localhost:5173/@vite/client:1034
[ 1707752ms] [ERROR] WebSocket connection to 'ws://localhost:5173/' failed: Error in connection establishment: net::ERR_CONNECTION_REFUSED @ http://localhost:5173/@vite/client:1034
[ 1710560ms] [ERROR] WebSocket connection to 'ws://localhost:5173/' failed: Error in connection establishment: net::ERR_CONNECTION_REFUSED @ http://localhost:5173/@vite/client:1034
[ 1713937ms] [ERROR] WebSocket connection to 'ws://localhost:5173/' failed: Error in connection establishment: net::ERR_CONNECTION_REFUSED @ http://localhost:5173/@vite/client:1034
[ 1719737ms] [ERROR] WebSocket connection to 'ws://localhost:5173/' failed: Error in connection establishment: net::ERR_CONNECTION_REFUSED @ http://localhost:5173/@vite/client:1034
[ 1722056ms] [ERROR] WebSocket connection to 'ws://localhost:5173/' failed: Error in connection establishment: net::ERR_CONNECTION_REFUSED @ http://localhost:5173/@vite/client:1034
[ 1727586ms] [ERROR] WebSocket connection to 'ws://localhost:5173/' failed: Error in connection establishment: net::ERR_CONNECTION_REFUSED @ http://localhost:5173/@vite/client:1034
[ 1731723ms] [ERROR] WebSocket connection to 'ws://localhost:5173/' failed: Error in connection establishment: net::ERR_CONNECTION_REFUSED @ http://localhost:5173/@vite/client:1034
[ 1734069ms] [ERROR] WebSocket connection to 'ws://localhost:5173/' failed: Error in connection establishment: net::ERR_CONNECTION_REFUSED @ http://localhost:5173/@vite/client:1034
[ 1740076ms] [ERROR] WebSocket connection to 'ws://localhost:5173/' failed: Error in connection establishment: net::ERR_CONNECTION_REFUSED @ http://localhost:5173/@vite/client:1034
[ 1743485ms] [ERROR] WebSocket connection to 'ws://localhost:5173/' failed: Error in connection establishment: net::ERR_CONNECTION_REFUSED @ http://localhost:5173/@vite/client:1034
[ 1745652ms] [ERROR] WebSocket connection to 'ws://localhost:5173/' failed: Error in connection establishment: net::ERR_CONNECTION_REFUSED @ http://localhost:5173/@vite/client:1034
[ 1748152ms] [ERROR] WebSocket connection to 'ws://localhost:5173/' failed: Error in connection establishment: net::ERR_CONNECTION_REFUSED @ http://localhost:5173/@vite/client:1034
[ 1752410ms] [ERROR] WebSocket connection to 'ws://localhost:5173/' failed: Error in connection establishment: net::ERR_CONNECTION_REFUSED @ http://localhost:5173/@vite/client:1034
[ 1754627ms] [ERROR] WebSocket connection to 'ws://localhost:5173/' failed: Error in connection establishment: net::ERR_CONNECTION_REFUSED @ http://localhost:5173/@vite/client:1034
[ 1758739ms] [ERROR] WebSocket connection to 'ws://localhost:5173/' failed: Error in connection establishment: net::ERR_CONNECTION_REFUSED @ http://localhost:5173/@vite/client:1034
[ 1761035ms] [ERROR] WebSocket connection to 'ws://localhost:5173/' failed: Error in connection establishment: net::ERR_CONNECTION_REFUSED @ http://localhost:5173/@vite/client:1034
[ 1763282ms] [ERROR] WebSocket connection to 'ws://localhost:5173/' failed: Error in connection establishment: net::ERR_CONNECTION_REFUSED @ http://localhost:5173/@vite/client:1034
[ 1767485ms] [ERROR] WebSocket connection to 'ws://localhost:5173/' failed: Error in connection establishment: net::ERR_CONNECTION_REFUSED @ http://localhost:5173/@vite/client:1034
[ 1771529ms] [ERROR] WebSocket connection to 'ws://localhost:5173/' failed: Error in connection establishment: net::ERR_CONNECTION_REFUSED @ http://localhost:5173/@vite/client:1034
[ 1775941ms] [ERROR] WebSocket connection to 'ws://localhost:5173/' failed: Error in connection establishment: net::ERR_CONNECTION_REFUSED @ http://localhost:5173/@vite/client:1034
[ 1779418ms] [ERROR] WebSocket connection to 'ws://localhost:5173/' failed: Error in connection establishment: net::ERR_CONNECTION_REFUSED @ http://localhost:5173/@vite/client:1034
[ 1784835ms] [ERROR] WebSocket connection to 'ws://localhost:5173/' failed: Error in connection establishment: net::ERR_CONNECTION_REFUSED @ http://localhost:5173/@vite/client:1034
[ 1789735ms] [ERROR] WebSocket connection to 'ws://localhost:5173/' failed: Error in connection establishment: net::ERR_CONNECTION_REFUSED @ http://localhost:5173/@vite/client:1034
[ 1794788ms] [ERROR] WebSocket connection to 'ws://localhost:5173/' failed: Error in connection establishment: net::ERR_CONNECTION_REFUSED @ http://localhost:5173/@vite/client:1034
[ 1798685ms] [ERROR] WebSocket connection to 'ws://localhost:5173/' failed: Error in connection establishment: net::ERR_CONNECTION_REFUSED @ http://localhost:5173/@vite/client:1034
[ 1803611ms] [ERROR] WebSocket connection to 'ws://localhost:5173/' failed: Error in connection establishment: net::ERR_CONNECTION_REFUSED @ http://localhost:5173/@vite/client:1034
[ 1806107ms] [ERROR] WebSocket connection to 'ws://localhost:5173/' failed: Error in connection establishment: net::ERR_CONNECTION_REFUSED @ http://localhost:5173/@vite/client:1034
[ 1811708ms] [ERROR] WebSocket connection to 'ws://localhost:5173/' failed: Error in connection establishment: net::ERR_CONNECTION_REFUSED @ http://localhost:5173/@vite/client:1034
[ 1814082ms] [ERROR] WebSocket connection to 'ws://localhost:5173/' failed: Error in connection establishment: net::ERR_CONNECTION_REFUSED @ http://localhost:5173/@vite/client:1034
[ 1818717ms] [ERROR] WebSocket connection to 'ws://localhost:5173/' failed: Error in connection establishment: net::ERR_CONNECTION_REFUSED @ http://localhost:5173/@vite/client:1034
[ 1822478ms] [ERROR] WebSocket connection to 'ws://localhost:5173/' failed: Error in connection establishment: net::ERR_CONNECTION_REFUSED @ http://localhost:5173/@vite/client:1034
[ 1826846ms] [ERROR] WebSocket connection to 'ws://localhost:5173/' failed: Error in connection establishment: net::ERR_CONNECTION_REFUSED @ http://localhost:5173/@vite/client:1034
[ 1829502ms] [ERROR] WebSocket connection to 'ws://localhost:5173/' failed: Error in connection establishment: net::ERR_CONNECTION_REFUSED @ http://localhost:5173/@vite/client:1034
[ 1831578ms] [ERROR] WebSocket connection to 'ws://localhost:5173/' failed: Error in connection establishment: net::ERR_CONNECTION_REFUSED @ http://localhost:5173/@vite/client:1034
[ 1836069ms] [ERROR] WebSocket connection to 'ws://localhost:5173/' failed: Error in connection establishment: net::ERR_CONNECTION_REFUSED @ http://localhost:5173/@vite/client:1034
[ 1840583ms] [ERROR] WebSocket connection to 'ws://localhost:5173/' failed: Error in connection establishment: net::ERR_CONNECTION_REFUSED @ http://localhost:5173/@vite/client:1034
[ 1843615ms] [ERROR] WebSocket connection to 'ws://localhost:5173/' failed: Error in connection establishment: net::ERR_CONNECTION_REFUSED @ http://localhost:5173/@vite/client:1034
[ 1848302ms] [ERROR] WebSocket connection to 'ws://localhost:5173/' failed: Error in connection establishment: net::ERR_CONNECTION_REFUSED @ http://localhost:5173/@vite/client:1034
[ 1851452ms] [ERROR] WebSocket connection to 'ws://localhost:5173/' failed: Error in connection establishment: net::ERR_CONNECTION_REFUSED @ http://localhost:5173/@vite/client:1034
[ 1853611ms] [ERROR] WebSocket connection to 'ws://localhost:5173/' failed: Error in connection establishment: net::ERR_CONNECTION_REFUSED @ http://localhost:5173/@vite/client:1034
[ 1856018ms] [ERROR] WebSocket connection to 'ws://localhost:5173/' failed: Error in connection establishment: net::ERR_CONNECTION_REFUSED @ http://localhost:5173/@vite/client:1034
[ 1861512ms] [ERROR] WebSocket connection to 'ws://localhost:5173/' failed: Error in connection establishment: net::ERR_CONNECTION_REFUSED @ http://localhost:5173/@vite/client:1034
[ 1865052ms] [ERROR] WebSocket connection to 'ws://localhost:5173/' failed: Error in connection establishment: net::ERR_CONNECTION_REFUSED @ http://localhost:5173/@vite/client:1034
[ 1869507ms] [ERROR] WebSocket connection to 'ws://localhost:5173/' failed: Error in connection establishment: net::ERR_CONNECTION_REFUSED @ http://localhost:5173/@vite/client:1034
[ 1873835ms] [ERROR] WebSocket connection to 'ws://localhost:5173/' failed: Error in connection establishment: net::ERR_CONNECTION_REFUSED @ http://localhost:5173/@vite/client:1034
[ 1877161ms] [ERROR] WebSocket connection to 'ws://localhost:5173/' failed: Error in connection establishment: net::ERR_CONNECTION_REFUSED @ http://localhost:5173/@vite/client:1034
[ 1881455ms] [ERROR] WebSocket connection to 'ws://localhost:5173/' failed: Error in connection establishment: net::ERR_CONNECTION_REFUSED @ http://localhost:5173/@vite/client:1034
[ 1886735ms] [ERROR] WebSocket connection to 'ws://localhost:5173/' failed: Error in connection establishment: net::ERR_CONNECTION_REFUSED @ http://localhost:5173/@vite/client:1034
[ 1892288ms] [ERROR] WebSocket connection to 'ws://localhost:5173/' failed: Error in connection establishment: net::ERR_CONNECTION_REFUSED @ http://localhost:5173/@vite/client:1034
[ 1896679ms] [ERROR] WebSocket connection to 'ws://localhost:5173/' failed: Error in connection establishment: net::ERR_CONNECTION_REFUSED @ http://localhost:5173/@vite/client:1034
[ 1899111ms] [ERROR] WebSocket connection to 'ws://localhost:5173/' failed: Error in connection establishment: net::ERR_CONNECTION_REFUSED @ http://localhost:5173/@vite/client:1034
[ 1903530ms] [ERROR] WebSocket connection to 'ws://localhost:5173/' failed: Error in connection establishment: net::ERR_CONNECTION_REFUSED @ http://localhost:5173/@vite/client:1034
[ 1906704ms] [ERROR] WebSocket connection to 'ws://localhost:5173/' failed: Error in connection establishment: net::ERR_CONNECTION_REFUSED @ http://localhost:5173/@vite/client:1034
[ 1910635ms] [ERROR] WebSocket connection to 'ws://localhost:5173/' failed: Error in connection establishment: net::ERR_CONNECTION_REFUSED @ http://localhost:5173/@vite/client:1034
[ 1914395ms] [ERROR] WebSocket connection to 'ws://localhost:5173/' failed: Error in connection establishment: net::ERR_CONNECTION_REFUSED @ http://localhost:5173/@vite/client:1034
[ 1920157ms] [ERROR] WebSocket connection to 'ws://localhost:5173/' failed: Error in connection establishment: net::ERR_CONNECTION_REFUSED @ http://localhost:5173/@vite/client:1034
[ 1925762ms] [ERROR] WebSocket connection to 'ws://localhost:5173/' failed: Error in connection establishment: net::ERR_CONNECTION_REFUSED @ http://localhost:5173/@vite/client:1034
[ 1930656ms] [ERROR] WebSocket connection to 'ws://localhost:5173/' failed: Error in connection establishment: net::ERR_CONNECTION_REFUSED @ http://localhost:5173/@vite/client:1034
[ 1934112ms] [ERROR] WebSocket connection to 'ws://localhost:5173/' failed: Error in connection establishment: net::ERR_CONNECTION_REFUSED @ http://localhost:5173/@vite/client:1034
[ 1938571ms] [ERROR] WebSocket connection to 'ws://localhost:5173/' failed: Error in connection establishment: net::ERR_CONNECTION_REFUSED @ http://localhost:5173/@vite/client:1034
[ 1943615ms] [ERROR] WebSocket connection to 'ws://localhost:5173/' failed: Error in connection establishment: net::ERR_CONNECTION_REFUSED @ http://localhost:5173/@vite/client:1034
[ 1946083ms] [ERROR] WebSocket connection to 'ws://localhost:5173/' failed: Error in connection establishment: net::ERR_CONNECTION_REFUSED @ http://localhost:5173/@vite/client:1034
[ 1951977ms] [ERROR] WebSocket connection to 'ws://localhost:5173/' failed: Error in connection establishment: net::ERR_CONNECTION_REFUSED @ http://localhost:5173/@vite/client:1034
[ 1956077ms] [ERROR] WebSocket connection to 'ws://localhost:5173/' failed: Error in connection establishment: net::ERR_CONNECTION_REFUSED @ http://localhost:5173/@vite/client:1034
[ 1958490ms] [ERROR] WebSocket connection to 'ws://localhost:5173/' failed: Error in connection establishment: net::ERR_CONNECTION_REFUSED @ http://localhost:5173/@vite/client:1034
[ 1960523ms] [ERROR] WebSocket connection to 'ws://localhost:5173/' failed: Error in connection establishment: net::ERR_CONNECTION_REFUSED @ http://localhost:5173/@vite/client:1034
[ 1965393ms] [ERROR] WebSocket connection to 'ws://localhost:5173/' failed: Error in connection establishment: net::ERR_CONNECTION_REFUSED @ http://localhost:5173/@vite/client:1034
[ 1968360ms] [ERROR] WebSocket connection to 'ws://localhost:5173/' failed: Error in connection establishment: net::ERR_CONNECTION_REFUSED @ http://localhost:5173/@vite/client:1034
[ 1973251ms] [ERROR] WebSocket connection to 'ws://localhost:5173/' failed: Error in connection establishment: net::ERR_CONNECTION_REFUSED @ http://localhost:5173/@vite/client:1034
[ 1975301ms] [ERROR] WebSocket connection to 'ws://localhost:5173/' failed: Error in connection establishment: net::ERR_CONNECTION_REFUSED @ http://localhost:5173/@vite/client:1034
[ 1980525ms] [ERROR] WebSocket connection to 'ws://localhost:5173/' failed: Error in connection establishment: net::ERR_CONNECTION_REFUSED @ http://localhost:5173/@vite/client:1034
[ 1984093ms] [ERROR] WebSocket connection to 'ws://localhost:5173/' failed: Error in connection establishment: net::ERR_CONNECTION_REFUSED @ http://localhost:5173/@vite/client:1034
[ 1989276ms] [ERROR] WebSocket connection to 'ws://localhost:5173/' failed: Error in connection establishment: net::ERR_CONNECTION_REFUSED @ http://localhost:5173/@vite/client:1034
[ 1991921ms] [ERROR] WebSocket connection to 'ws://localhost:5173/' failed: Error in connection establishment: net::ERR_CONNECTION_REFUSED @ http://localhost:5173/@vite/client:1034
[ 1994395ms] [ERROR] WebSocket connection to 'ws://localhost:5173/' failed: Error in connection establishment: net::ERR_CONNECTION_REFUSED @ http://localhost:5173/@vite/client:1034
[ 1998023ms] [ERROR] WebSocket connection to 'ws://localhost:5173/' failed: Error in connection establishment: net::ERR_CONNECTION_REFUSED @ http://localhost:5173/@vite/client:1034
[ 2003153ms] [ERROR] WebSocket connection to 'ws://localhost:5173/' failed: Error in connection establishment: net::ERR_CONNECTION_REFUSED @ http://localhost:5173/@vite/client:1034
[ 2008992ms] [ERROR] WebSocket connection to 'ws://localhost:5173/' failed: Error in connection establishment: net::ERR_CONNECTION_REFUSED @ http://localhost:5173/@vite/client:1034
[ 2013889ms] [ERROR] WebSocket connection to 'ws://localhost:5173/' failed: Error in connection establishment: net::ERR_CONNECTION_REFUSED @ http://localhost:5173/@vite/client:1034
[ 2017238ms] [ERROR] WebSocket connection to 'ws://localhost:5173/' failed: Error in connection establishment: net::ERR_CONNECTION_REFUSED @ http://localhost:5173/@vite/client:1034
[ 2020254ms] [ERROR] WebSocket connection to 'ws://localhost:5173/' failed: Error in connection establishment: net::ERR_CONNECTION_REFUSED @ http://localhost:5173/@vite/client:1034
[ 2023973ms] [ERROR] WebSocket connection to 'ws://localhost:5173/' failed: Error in connection establishment: net::ERR_CONNECTION_REFUSED @ http://localhost:5173/@vite/client:1034
[ 2029956ms] [ERROR] WebSocket connection to 'ws://localhost:5173/' failed: Error in connection establishment: net::ERR_CONNECTION_REFUSED @ http://localhost:5173/@vite/client:1034
[ 2032293ms] [ERROR] WebSocket connection to 'ws://localhost:5173/' failed: Error in connection establishment: net::ERR_CONNECTION_REFUSED @ http://localhost:5173/@vite/client:1034
[ 2035524ms] [ERROR] WebSocket connection to 'ws://localhost:5173/' failed: Error in connection establishment: net::ERR_CONNECTION_REFUSED @ http://localhost:5173/@vite/client:1034
[ 2041318ms] [ERROR] WebSocket connection to 'ws://localhost:5173/' failed: Error in connection establishment: net::ERR_CONNECTION_REFUSED @ http://localhost:5173/@vite/client:1034
[ 2046369ms] [ERROR] WebSocket connection to 'ws://localhost:5173/' failed: Error in connection establishment: net::ERR_CONNECTION_REFUSED @ http://localhost:5173/@vite/client:1034
[ 2048391ms] [ERROR] WebSocket connection to 'ws://localhost:5173/' failed: Error in connection establishment: net::ERR_CONNECTION_REFUSED @ http://localhost:5173/@vite/client:1034
[ 2052250ms] [ERROR] WebSocket connection to 'ws://localhost:5173/' failed: Error in connection establishment: net::ERR_CONNECTION_REFUSED @ http://localhost:5173/@vite/client:1034
[ 2056550ms] [ERROR] WebSocket connection to 'ws://localhost:5173/' failed: Error in connection establishment: net::ERR_CONNECTION_REFUSED @ http://localhost:5173/@vite/client:1034
[ 2062542ms] [ERROR] WebSocket connection to 'ws://localhost:5173/' failed: Error in connection establishment: net::ERR_CONNECTION_REFUSED @ http://localhost:5173/@vite/client:1034
[ 2065341ms] [ERROR] WebSocket connection to 'ws://localhost:5173/' failed: Error in connection establishment: net::ERR_CONNECTION_REFUSED @ http://localhost:5173/@vite/client:1034
[ 2068496ms] [ERROR] WebSocket connection to 'ws://localhost:5173/' failed: Error in connection establishment: net::ERR_CONNECTION_REFUSED @ http://localhost:5173/@vite/client:1034
[ 2070775ms] [ERROR] WebSocket connection to 'ws://localhost:5173/' failed: Error in connection establishment: net::ERR_CONNECTION_REFUSED @ http://localhost:5173/@vite/client:1034
[ 2072934ms] [ERROR] WebSocket connection to 'ws://localhost:5173/' failed: Error in connection establishment: net::ERR_CONNECTION_REFUSED @ http://localhost:5173/@vite/client:1034
[ 2075034ms] [ERROR] WebSocket connection to 'ws://localhost:5173/' failed: Error in connection establishment: net::ERR_CONNECTION_REFUSED @ http://localhost:5173/@vite/client:1034
[ 2079841ms] [ERROR] WebSocket connection to 'ws://localhost:5173/' failed: Error in connection establishment: net::ERR_CONNECTION_REFUSED @ http://localhost:5173/@vite/client:1034
[ 2084925ms] [ERROR] WebSocket connection to 'ws://localhost:5173/' failed: Error in connection establishment: net::ERR_CONNECTION_REFUSED @ http://localhost:5173/@vite/client:1034
[ 2090603ms] [ERROR] WebSocket connection to 'ws://localhost:5173/' failed: Error in connection establishment: net::ERR_CONNECTION_REFUSED @ http://localhost:5173/@vite/client:1034
[ 2096557ms] [ERROR] WebSocket connection to 'ws://localhost:5173/' failed: Error in connection establishment: net::ERR_CONNECTION_REFUSED @ http://localhost:5173/@vite/client:1034
[ 2102174ms] [ERROR] WebSocket connection to 'ws://localhost:5173/' failed: Error in connection establishment: net::ERR_CONNECTION_REFUSED @ http://localhost:5173/@vite/client:1034
[ 2106713ms] [ERROR] WebSocket connection to 'ws://localhost:5173/' failed: Error in connection establishment: net::ERR_CONNECTION_REFUSED @ http://localhost:5173/@vite/client:1034
[ 2110474ms] [ERROR] WebSocket connection to 'ws://localhost:5173/' failed: Error in connection establishment: net::ERR_CONNECTION_REFUSED @ http://localhost:5173/@vite/client:1034
[ 2112791ms] [ERROR] WebSocket connection to 'ws://localhost:5173/' failed: Error in connection establishment: net::ERR_CONNECTION_REFUSED @ http://localhost:5173/@vite/client:1034
[ 2118787ms] [ERROR] WebSocket connection to 'ws://localhost:5173/' failed: Error in connection establishment: net::ERR_CONNECTION_REFUSED @ http://localhost:5173/@vite/client:1034
[ 2124004ms] [ERROR] WebSocket connection to 'ws://localhost:5173/' failed: Error in connection establishment: net::ERR_CONNECTION_REFUSED @ http://localhost:5173/@vite/client:1034
[ 2129782ms] [ERROR] WebSocket connection to 'ws://localhost:5173/' failed: Error in connection establishment: net::ERR_CONNECTION_REFUSED @ http://localhost:5173/@vite/client:1034
[ 2132394ms] [ERROR] WebSocket connection to 'ws://localhost:5173/' failed: Error in connection establishment: net::ERR_CONNECTION_REFUSED @ http://localhost:5173/@vite/client:1034
[ 2136588ms] [ERROR] WebSocket connection to 'ws://localhost:5173/' failed: Error in connection establishment: net::ERR_CONNECTION_REFUSED @ http://localhost:5173/@vite/client:1034
[ 2141161ms] [ERROR] WebSocket connection to 'ws://localhost:5173/' failed: Error in connection establishment: net::ERR_CONNECTION_REFUSED @ http://localhost:5173/@vite/client:1034
[ 2145899ms] [ERROR] WebSocket connection to 'ws://localhost:5173/' failed: Error in connection establishment: net::ERR_CONNECTION_REFUSED @ http://localhost:5173/@vite/client:1034
[ 2150265ms] [ERROR] WebSocket connection to 'ws://localhost:5173/' failed: Error in connection establishment: net::ERR_CONNECTION_REFUSED @ http://localhost:5173/@vite/client:1034
[ 2152907ms] [ERROR] WebSocket connection to 'ws://localhost:5173/' failed: Error in connection establishment: net::ERR_CONNECTION_REFUSED @ http://localhost:5173/@vite/client:1034
[ 2156557ms] [ERROR] WebSocket connection to 'ws://localhost:5173/' failed: Error in connection establishment: net::ERR_CONNECTION_REFUSED @ http://localhost:5173/@vite/client:1034
[ 2159734ms] [ERROR] WebSocket connection to 'ws://localhost:5173/' failed: Error in connection establishment: net::ERR_CONNECTION_REFUSED @ http://localhost:5173/@vite/client:1034
[ 2165551ms] [ERROR] WebSocket connection to 'ws://localhost:5173/' failed: Error in connection establishment: net::ERR_CONNECTION_REFUSED @ http://localhost:5173/@vite/client:1034
[ 2171174ms] [ERROR] WebSocket connection to 'ws://localhost:5173/' failed: Error in connection establishment: net::ERR_CONNECTION_REFUSED @ http://localhost:5173/@vite/client:1034
[ 2175740ms] [ERROR] WebSocket connection to 'ws://localhost:5173/' failed: Error in connection establishment: net::ERR_CONNECTION_REFUSED @ http://localhost:5173/@vite/client:1034
[ 2179075ms] [ERROR] WebSocket connection to 'ws://localhost:5173/' failed: Error in connection establishment: net::ERR_CONNECTION_REFUSED @ http://localhost:5173/@vite/client:1034
[ 2184448ms] [ERROR] WebSocket connection to 'ws://localhost:5173/' failed: Error in connection establishment: net::ERR_CONNECTION_REFUSED @ http://localhost:5173/@vite/client:1034
[ 2186490ms] [ERROR] WebSocket connection to 'ws://localhost:5173/' failed: Error in connection establishment: net::ERR_CONNECTION_REFUSED @ http://localhost:5173/@vite/client:1034
[ 2189023ms] [ERROR] WebSocket connection to 'ws://localhost:5173/' failed: Error in connection establishment: net::ERR_CONNECTION_REFUSED @ http://localhost:5173/@vite/client:1034
[ 2193215ms] [ERROR] WebSocket connection to 'ws://localhost:5173/' failed: Error in connection establishment: net::ERR_CONNECTION_REFUSED @ http://localhost:5173/@vite/client:1034
[ 2198388ms] [ERROR] WebSocket connection to 'ws://localhost:5173/' failed: Error in connection establishment: net::ERR_CONNECTION_REFUSED @ http://localhost:5173/@vite/client:1034
[ 2203148ms] [ERROR] WebSocket connection to 'ws://localhost:5173/' failed: Error in connection establishment: net::ERR_CONNECTION_REFUSED @ http://localhost:5173/@vite/client:1034
[ 2208376ms] [ERROR] WebSocket connection to 'ws://localhost:5173/' failed: Error in connection establishment: net::ERR_CONNECTION_REFUSED @ http://localhost:5173/@vite/client:1034
[ 2213690ms] [ERROR] WebSocket connection to 'ws://localhost:5173/' failed: Error in connection establishment: net::ERR_CONNECTION_REFUSED @ http://localhost:5173/@vite/client:1034
[ 2217556ms] [ERROR] WebSocket connection to 'ws://localhost:5173/' failed: Error in connection establishment: net::ERR_CONNECTION_REFUSED @ http://localhost:5173/@vite/client:1034
[ 2221286ms] [ERROR] WebSocket connection to 'ws://localhost:5173/' failed: Error in connection establishment: net::ERR_CONNECTION_REFUSED @ http://localhost:5173/@vite/client:1034
[ 2225439ms] [ERROR] WebSocket connection to 'ws://localhost:5173/' failed: Error in connection establishment: net::ERR_CONNECTION_REFUSED @ http://localhost:5173/@vite/client:1034
[ 2229606ms] [ERROR] WebSocket connection to 'ws://localhost:5173/' failed: Error in connection establishment: net::ERR_CONNECTION_REFUSED @ http://localhost:5173/@vite/client:1034
[ 2232373ms] [ERROR] WebSocket connection to 'ws://localhost:5173/' failed: Error in connection establishment: net::ERR_CONNECTION_REFUSED @ http://localhost:5173/@vite/client:1034
[ 2235223ms] [ERROR] WebSocket connection to 'ws://localhost:5173/' failed: Error in connection establishment: net::ERR_CONNECTION_REFUSED @ http://localhost:5173/@vite/client:1034
[ 2238473ms] [ERROR] WebSocket connection to 'ws://localhost:5173/' failed: Error in connection establishment: net::ERR_CONNECTION_REFUSED @ http://localhost:5173/@vite/client:1034
[ 2243514ms] [ERROR] WebSocket connection to 'ws://localhost:5173/' failed: Error in connection establishment: net::ERR_CONNECTION_REFUSED @ http://localhost:5173/@vite/client:1034
[ 2245923ms] [ERROR] WebSocket connection to 'ws://localhost:5173/' failed: Error in connection establishment: net::ERR_CONNECTION_REFUSED @ http://localhost:5173/@vite/client:1034
[ 2251511ms] [ERROR] WebSocket connection to 'ws://localhost:5173/' failed: Error in connection establishment: net::ERR_CONNECTION_REFUSED @ http://localhost:5173/@vite/client:1034
[ 2256464ms] [ERROR] WebSocket connection to 'ws://localhost:5173/' failed: Error in connection establishment: net::ERR_CONNECTION_REFUSED @ http://localhost:5173/@vite/client:1034
[ 2261973ms] [ERROR] WebSocket connection to 'ws://localhost:5173/' failed: Error in connection establishment: net::ERR_CONNECTION_REFUSED @ http://localhost:5173/@vite/client:1034
[ 2266889ms] [ERROR] WebSocket connection to 'ws://localhost:5173/' failed: Error in connection establishment: net::ERR_CONNECTION_REFUSED @ http://localhost:5173/@vite/client:1034
[ 2270514ms] [ERROR] WebSocket connection to 'ws://localhost:5173/' failed: Error in connection establishment: net::ERR_CONNECTION_REFUSED @ http://localhost:5173/@vite/client:1034
[ 2272764ms] [ERROR] WebSocket connection to 'ws://localhost:5173/' failed: Error in connection establishment: net::ERR_CONNECTION_REFUSED @ http://localhost:5173/@vite/client:1034
[ 2276539ms] [ERROR] WebSocket connection to 'ws://localhost:5173/' failed: Error in connection establishment: net::ERR_CONNECTION_REFUSED @ http://localhost:5173/@vite/client:1034
[ 2281589ms] [ERROR] WebSocket connection to 'ws://localhost:5173/' failed: Error in connection establishment: net::ERR_CONNECTION_REFUSED @ http://localhost:5173/@vite/client:1034
[ 2284689ms] [ERROR] WebSocket connection to 'ws://localhost:5173/' failed: Error in connection establishment: net::ERR_CONNECTION_REFUSED @ http://localhost:5173/@vite/client:1034
[ 2288314ms] [ERROR] WebSocket connection to 'ws://localhost:5173/' failed: Error in connection establishment: net::ERR_CONNECTION_REFUSED @ http://localhost:5173/@vite/client:1034
[ 2291405ms] [ERROR] WebSocket connection to 'ws://localhost:5173/' failed: Error in connection establishment: net::ERR_CONNECTION_REFUSED @ http://localhost:5173/@vite/client:1034
[ 2294272ms] [ERROR] WebSocket connection to 'ws://localhost:5173/' failed: Error in connection establishment: net::ERR_CONNECTION_REFUSED @ http://localhost:5173/@vite/client:1034
[ 2296961ms] [ERROR] WebSocket connection to 'ws://localhost:5173/' failed: Error in connection establishment: net::ERR_CONNECTION_REFUSED @ http://localhost:5173/@vite/client:1034
[ 2301452ms] [ERROR] WebSocket connection to 'ws://localhost:5173/' failed: Error in connection establishment: net::ERR_CONNECTION_REFUSED @ http://localhost:5173/@vite/client:1034
[ 2304663ms] [ERROR] WebSocket connection to 'ws://localhost:5173/' failed: Error in connection establishment: net::ERR_CONNECTION_REFUSED @ http://localhost:5173/@vite/client:1034
[ 2308544ms] [ERROR] WebSocket connection to 'ws://localhost:5173/' failed: Error in connection establishment: net::ERR_CONNECTION_REFUSED @ http://localhost:5173/@vite/client:1034
[ 2312257ms] [ERROR] WebSocket connection to 'ws://localhost:5173/' failed: Error in connection establishment: net::ERR_CONNECTION_REFUSED @ http://localhost:5173/@vite/client:1034
[ 2315255ms] [ERROR] WebSocket connection to 'ws://localhost:5173/' failed: Error in connection establishment: net::ERR_CONNECTION_REFUSED @ http://localhost:5173/@vite/client:1034
[ 2319780ms] [ERROR] WebSocket connection to 'ws://localhost:5173/' failed: Error in connection establishment: net::ERR_CONNECTION_REFUSED @ http://localhost:5173/@vite/client:1034
[ 2323871ms] [ERROR] WebSocket connection to 'ws://localhost:5173/' failed: Error in connection establishment: net::ERR_CONNECTION_REFUSED @ http://localhost:5173/@vite/client:1034
[ 2329838ms] [ERROR] WebSocket connection to 'ws://localhost:5173/' failed: Error in connection establishment: net::ERR_CONNECTION_REFUSED @ http://localhost:5173/@vite/client:1034
[ 2334901ms] [ERROR] WebSocket connection to 'ws://localhost:5173/' failed: Error in connection establishment: net::ERR_CONNECTION_REFUSED @ http://localhost:5173/@vite/client:1034
[ 2339530ms] [ERROR] WebSocket connection to 'ws://localhost:5173/' failed: Error in connection establishment: net::ERR_CONNECTION_REFUSED @ http://localhost:5173/@vite/client:1034
[ 2344930ms] [ERROR] WebSocket connection to 'ws://localhost:5173/' failed: Error in connection establishment: net::ERR_CONNECTION_REFUSED @ http://localhost:5173/@vite/client:1034
[ 2349967ms] [ERROR] WebSocket connection to 'ws://localhost:5173/' failed: Error in connection establishment: net::ERR_CONNECTION_REFUSED @ http://localhost:5173/@vite/client:1034
[ 2352922ms] [ERROR] WebSocket connection to 'ws://localhost:5173/' failed: Error in connection establishment: net::ERR_CONNECTION_REFUSED @ http://localhost:5173/@vite/client:1034
[ 2356922ms] [ERROR] WebSocket connection to 'ws://localhost:5173/' failed: Error in connection establishment: net::ERR_CONNECTION_REFUSED @ http://localhost:5173/@vite/client:1034
[ 2360898ms] [ERROR] WebSocket connection to 'ws://localhost:5173/' failed: Error in connection establishment: net::ERR_CONNECTION_REFUSED @ http://localhost:5173/@vite/client:1034
[ 2366507ms] [ERROR] WebSocket connection to 'ws://localhost:5173/' failed: Error in connection establishment: net::ERR_CONNECTION_REFUSED @ http://localhost:5173/@vite/client:1034
[ 2370834ms] [ERROR] WebSocket connection to 'ws://localhost:5173/' failed: Error in connection establishment: net::ERR_CONNECTION_REFUSED @ http://localhost:5173/@vite/client:1034
[ 2374790ms] [ERROR] WebSocket connection to 'ws://localhost:5173/' failed: Error in connection establishment: net::ERR_CONNECTION_REFUSED @ http://localhost:5173/@vite/client:1034
[ 2377829ms] [ERROR] WebSocket connection to 'ws://localhost:5173/' failed: Error in connection establishment: net::ERR_CONNECTION_REFUSED @ http://localhost:5173/@vite/client:1034
[ 2380963ms] [ERROR] WebSocket connection to 'ws://localhost:5173/' failed: Error in connection establishment: net::ERR_CONNECTION_REFUSED @ http://localhost:5173/@vite/client:1034
[ 2386690ms] [ERROR] WebSocket connection to 'ws://localhost:5173/' failed: Error in connection establishment: net::ERR_CONNECTION_REFUSED @ http://localhost:5173/@vite/client:1034
[ 2388979ms] [ERROR] WebSocket connection to 'ws://localhost:5173/' failed: Error in connection establishment: net::ERR_CONNECTION_REFUSED @ http://localhost:5173/@vite/client:1034
[ 2392104ms] [ERROR] WebSocket connection to 'ws://localhost:5173/' failed: Error in connection establishment: net::ERR_CONNECTION_REFUSED @ http://localhost:5173/@vite/client:1034
[ 2396904ms] [ERROR] WebSocket connection to 'ws://localhost:5173/' failed: Error in connection establishment: net::ERR_CONNECTION_REFUSED @ http://localhost:5173/@vite/client:1034
[ 2402288ms] [ERROR] WebSocket connection to 'ws://localhost:5173/' failed: Error in connection establishment: net::ERR_CONNECTION_REFUSED @ http://localhost:5173/@vite/client:1034
[ 2403293ms] [ERROR] WebSocket connection to 'ws://localhost:5173/' failed: Error in connection establishment: net::ERR_CONNECTION_REFUSED @ http://localhost:5173/@vite/client:1034
[ 2404298ms] [ERROR] WebSocket connection to 'ws://localhost:5173/' failed: Error in connection establishment: net::ERR_CONNECTION_REFUSED @ http://localhost:5173/@vite/client:1034
[ 2405302ms] [ERROR] WebSocket connection to 'ws://localhost:5173/' failed: Error in connection establishment: net::ERR_CONNECTION_REFUSED @ http://localhost:5173/@vite/client:1034
[ 2406307ms] [ERROR] WebSocket connection to 'ws://localhost:5173/' failed: Error in connection establishment: net::ERR_CONNECTION_REFUSED @ http://localhost:5173/@vite/client:1034
[ 2407314ms] [ERROR] WebSocket connection to 'ws://localhost:5173/' failed: Error in connection establishment: net::ERR_CONNECTION_REFUSED @ http://localhost:5173/@vite/client:1034
[ 2408320ms] [ERROR] WebSocket connection to 'ws://localhost:5173/' failed: Error in connection establishment: net::ERR_CONNECTION_REFUSED @ http://localhost:5173/@vite/client:1034
[ 2409334ms] [ERROR] WebSocket connection to 'ws://localhost:5173/' failed: Error in connection establishment: net::ERR_CONNECTION_REFUSED @ http://localhost:5173/@vite/client:1034
[ 2410354ms] [ERROR] WebSocket connection to 'ws://localhost:5173/' failed: Error in connection establishment: net::ERR_CONNECTION_REFUSED @ http://localhost:5173/@vite/client:1034
[ 2411387ms] [ERROR] WebSocket connection to 'ws://localhost:5173/' failed: Error in connection establishment: net::ERR_CONNECTION_REFUSED @ http://localhost:5173/@vite/client:1034
[ 2412433ms] [ERROR] WebSocket connection to 'ws://localhost:5173/' failed: Error in connection establishment: net::ERR_CONNECTION_REFUSED @ http://localhost:5173/@vite/client:1034
[ 2413562ms] [ERROR] WebSocket connection to 'ws://localhost:5173/' failed: Error in connection establishment: net::ERR_CONNECTION_REFUSED @ http://localhost:5173/@vite/client:1034
[ 2414686ms] [ERROR] WebSocket connection to 'ws://localhost:5173/' failed: Error in connection establishment: net::ERR_CONNECTION_REFUSED @ http://localhost:5173/@vite/client:1034
[ 2416048ms] [ERROR] WebSocket connection to 'ws://localhost:5173/' failed: Error in connection establishment: net::ERR_CONNECTION_REFUSED @ http://localhost:5173/@vite/client:1034
[ 2417571ms] [ERROR] WebSocket connection to 'ws://localhost:5173/' failed: Error in connection establishment: net::ERR_CONNECTION_REFUSED @ http://localhost:5173/@vite/client:1034
[ 2420712ms] [ERROR] WebSocket connection to 'ws://localhost:5173/' failed: Error in connection establishment: net::ERR_CONNECTION_REFUSED @ http://localhost:5173/@vite/client:1034
[ 2425162ms] [ERROR] WebSocket connection to 'ws://localhost:5173/' failed: Error in connection establishment: net::ERR_CONNECTION_REFUSED @ http://localhost:5173/@vite/client:1034
[ 2428261ms] [ERROR] WebSocket connection to 'ws://localhost:5173/' failed: Error in connection establishment: net::ERR_CONNECTION_REFUSED @ http://localhost:5173/@vite/client:1034
[ 2434237ms] [ERROR] WebSocket connection to 'ws://localhost:5173/' failed: Error in connection establishment: net::ERR_CONNECTION_REFUSED @ http://localhost:5173/@vite/client:1034
[ 2438912ms] [ERROR] WebSocket connection to 'ws://localhost:5173/' failed: Error in connection establishment: net::ERR_CONNECTION_REFUSED @ http://localhost:5173/@vite/client:1034
[ 2443437ms] [ERROR] WebSocket connection to 'ws://localhost:5173/' failed: Error in connection establishment: net::ERR_CONNECTION_REFUSED @ http://localhost:5173/@vite/client:1034
[ 2447900ms] [ERROR] WebSocket connection to 'ws://localhost:5173/' failed: Error in connection establishment: net::ERR_CONNECTION_REFUSED @ http://localhost:5173/@vite/client:1034
[ 2452145ms] [ERROR] WebSocket connection to 'ws://localhost:5173/' failed: Error in connection establishment: net::ERR_CONNECTION_REFUSED @ http://localhost:5173/@vite/client:1034
[ 2457706ms] [ERROR] WebSocket connection to 'ws://localhost:5173/' failed: Error in connection establishment: net::ERR_CONNECTION_REFUSED @ http://localhost:5173/@vite/client:1034
[ 2463212ms] [ERROR] WebSocket connection to 'ws://localhost:5173/' failed: Error in connection establishment: net::ERR_CONNECTION_REFUSED @ http://localhost:5173/@vite/client:1034
[ 2465636ms] [ERROR] WebSocket connection to 'ws://localhost:5173/' failed: Error in connection establishment: net::ERR_CONNECTION_REFUSED @ http://localhost:5173/@vite/client:1034
[ 2469653ms] [ERROR] WebSocket connection to 'ws://localhost:5173/' failed: Error in connection establishment: net::ERR_CONNECTION_REFUSED @ http://localhost:5173/@vite/client:1034
[ 2474870ms] [ERROR] WebSocket connection to 'ws://localhost:5173/' failed: Error in connection establishment: net::ERR_CONNECTION_REFUSED @ http://localhost:5173/@vite/client:1034
[ 2476915ms] [ERROR] WebSocket connection to 'ws://localhost:5173/' failed: Error in connection establishment: net::ERR_CONNECTION_REFUSED @ http://localhost:5173/@vite/client:1034
[ 2479351ms] [ERROR] WebSocket connection to 'ws://localhost:5173/' failed: Error in connection establishment: net::ERR_CONNECTION_REFUSED @ http://localhost:5173/@vite/client:1034
[ 2481765ms] [ERROR] WebSocket connection to 'ws://localhost:5173/' failed: Error in connection establishment: net::ERR_CONNECTION_REFUSED @ http://localhost:5173/@vite/client:1034
[ 2485589ms] [ERROR] WebSocket connection to 'ws://localhost:5173/' failed: Error in connection establishment: net::ERR_CONNECTION_REFUSED @ http://localhost:5173/@vite/client:1034
[ 2490320ms] [ERROR] WebSocket connection to 'ws://localhost:5173/' failed: Error in connection establishment: net::ERR_CONNECTION_REFUSED @ http://localhost:5173/@vite/client:1034
[ 2495737ms] [ERROR] WebSocket connection to 'ws://localhost:5173/' failed: Error in connection establishment: net::ERR_CONNECTION_REFUSED @ http://localhost:5173/@vite/client:1034
[ 2499728ms] [ERROR] WebSocket connection to 'ws://localhost:5173/' failed: Error in connection establishment: net::ERR_CONNECTION_REFUSED @ http://localhost:5173/@vite/client:1034
[ 2502790ms] [ERROR] WebSocket connection to 'ws://localhost:5173/' failed: Error in connection establishment: net::ERR_CONNECTION_REFUSED @ http://localhost:5173/@vite/client:1034
[ 2507403ms] [ERROR] WebSocket connection to 'ws://localhost:5173/' failed: Error in connection establishment: net::ERR_CONNECTION_REFUSED @ http://localhost:5173/@vite/client:1034
[ 2510278ms] [ERROR] WebSocket connection to 'ws://localhost:5173/' failed: Error in connection establishment: net::ERR_CONNECTION_REFUSED @ http://localhost:5173/@vite/client:1034
[ 2513988ms] [ERROR] WebSocket connection to 'ws://localhost:5173/' failed: Error in connection establishment: net::ERR_CONNECTION_REFUSED @ http://localhost:5173/@vite/client:1034
[ 2516192ms] [ERROR] WebSocket connection to 'ws://localhost:5173/' failed: Error in connection establishment: net::ERR_CONNECTION_REFUSED @ http://localhost:5173/@vite/client:1034
[ 2518659ms] [ERROR] WebSocket connection to 'ws://localhost:5173/' failed: Error in connection establishment: net::ERR_CONNECTION_REFUSED @ http://localhost:5173/@vite/client:1034
[ 2522461ms] [ERROR] WebSocket connection to 'ws://localhost:5173/' failed: Error in connection establishment: net::ERR_CONNECTION_REFUSED @ http://localhost:5173/@vite/client:1034
[ 2523466ms] [ERROR] WebSocket connection to 'ws://localhost:5173/' failed: Error in connection establishment: net::ERR_CONNECTION_REFUSED @ http://localhost:5173/@vite/client:1034
[ 2524471ms] [ERROR] WebSocket connection to 'ws://localhost:5173/' failed: Error in connection establishment: net::ERR_CONNECTION_REFUSED @ http://localhost:5173/@vite/client:1034
[ 2525476ms] [ERROR] WebSocket connection to 'ws://localhost:5173/' failed: Error in connection establishment: net::ERR_CONNECTION_REFUSED @ http://localhost:5173/@vite/client:1034
[ 2526480ms] [ERROR] WebSocket connection to 'ws://localhost:5173/' failed: Error in connection establishment: net::ERR_CONNECTION_REFUSED @ http://localhost:5173/@vite/client:1034
[ 2527485ms] [ERROR] WebSocket connection to 'ws://localhost:5173/' failed: Error in connection establishment: net::ERR_CONNECTION_REFUSED @ http://localhost:5173/@vite/client:1034
[ 2528494ms] [ERROR] WebSocket connection to 'ws://localhost:5173/' failed: Error in connection establishment: net::ERR_CONNECTION_REFUSED @ http://localhost:5173/@vite/client:1034
[ 2529506ms] [ERROR] WebSocket connection to 'ws://localhost:5173/' failed: Error in connection establishment: net::ERR_CONNECTION_REFUSED @ http://localhost:5173/@vite/client:1034
[ 2530519ms] [ERROR] WebSocket connection to 'ws://localhost:5173/' failed: Error in connection establishment: net::ERR_CONNECTION_REFUSED @ http://localhost:5173/@vite/client:1034
[ 2531537ms] [ERROR] WebSocket connection to 'ws://localhost:5173/' failed: Error in connection establishment: net::ERR_CONNECTION_REFUSED @ http://localhost:5173/@vite/client:1034
[ 2532603ms] [ERROR] WebSocket connection to 'ws://localhost:5173/' failed: Error in connection establishment: net::ERR_CONNECTION_REFUSED @ http://localhost:5173/@vite/client:1034
[ 2533667ms] [ERROR] WebSocket connection to 'ws://localhost:5173/' failed: Error in connection establishment: net::ERR_CONNECTION_REFUSED @ http://localhost:5173/@vite/client:1034
[ 2534736ms] [ERROR] WebSocket connection to 'ws://localhost:5173/' failed: Error in connection establishment: net::ERR_CONNECTION_REFUSED @ http://localhost:5173/@vite/client:1034
[ 2536330ms] [ERROR] WebSocket connection to 'ws://localhost:5173/' failed: Error in connection establishment: net::ERR_CONNECTION_REFUSED @ http://localhost:5173/@vite/client:1034
[ 2538586ms] [ERROR] WebSocket connection to 'ws://localhost:5173/' failed: Error in connection establishment: net::ERR_CONNECTION_REFUSED @ http://localhost:5173/@vite/client:1034
[ 2540903ms] [ERROR] WebSocket connection to 'ws://localhost:5173/' failed: Error in connection establishment: net::ERR_CONNECTION_REFUSED @ http://localhost:5173/@vite/client:1034
[ 2545857ms] [ERROR] WebSocket connection to 'ws://localhost:5173/' failed: Error in connection establishment: net::ERR_CONNECTION_REFUSED @ http://localhost:5173/@vite/client:1034
[ 2551120ms] [ERROR] WebSocket connection to 'ws://localhost:5173/' failed: Error in connection establishment: net::ERR_CONNECTION_REFUSED @ http://localhost:5173/@vite/client:1034
[ 2554686ms] [ERROR] WebSocket connection to 'ws://localhost:5173/' failed: Error in connection establishment: net::ERR_CONNECTION_REFUSED @ http://localhost:5173/@vite/client:1034
[ 2559377ms] [ERROR] WebSocket connection to 'ws://localhost:5173/' failed: Error in connection establishment: net::ERR_CONNECTION_REFUSED @ http://localhost:5173/@vite/client:1034
[ 2564794ms] [ERROR] WebSocket connection to 'ws://localhost:5173/' failed: Error in connection establishment: net::ERR_CONNECTION_REFUSED @ http://localhost:5173/@vite/client:1034
[ 2567236ms] [ERROR] WebSocket connection to 'ws://localhost:5173/' failed: Error in connection establishment: net::ERR_CONNECTION_REFUSED @ http://localhost:5173/@vite/client:1034
[ 2569767ms] [ERROR] WebSocket connection to 'ws://localhost:5173/' failed: Error in connection establishment: net::ERR_CONNECTION_REFUSED @ http://localhost:5173/@vite/client:1034
[ 2574743ms] [ERROR] WebSocket connection to 'ws://localhost:5173/' failed: Error in connection establishment: net::ERR_CONNECTION_REFUSED @ http://localhost:5173/@vite/client:1034
[ 2577667ms] [ERROR] WebSocket connection to 'ws://localhost:5173/' failed: Error in connection establishment: net::ERR_CONNECTION_REFUSED @ http://localhost:5173/@vite/client:1034
[ 2581194ms] [ERROR] WebSocket connection to 'ws://localhost:5173/' failed: Error in connection establishment: net::ERR_CONNECTION_REFUSED @ http://localhost:5173/@vite/client:1034
[ 2587019ms] [ERROR] WebSocket connection to 'ws://localhost:5173/' failed: Error in connection establishment: net::ERR_CONNECTION_REFUSED @ http://localhost:5173/@vite/client:1034
[ 2592207ms] [ERROR] WebSocket connection to 'ws://localhost:5173/' failed: Error in connection establishment: net::ERR_CONNECTION_REFUSED @ http://localhost:5173/@vite/client:1034
[ 2597939ms] [ERROR] WebSocket connection to 'ws://localhost:5173/' failed: Error in connection establishment: net::ERR_CONNECTION_REFUSED @ http://localhost:5173/@vite/client:1034
[ 2601035ms] [ERROR] WebSocket connection to 'ws://localhost:5173/' failed: Error in connection establishment: net::ERR_CONNECTION_REFUSED @ http://localhost:5173/@vite/client:1034
[ 2603635ms] [ERROR] WebSocket connection to 'ws://localhost:5173/' failed: Error in connection establishment: net::ERR_CONNECTION_REFUSED @ http://localhost:5173/@vite/client:1034
[ 2607152ms] [ERROR] WebSocket connection to 'ws://localhost:5173/' failed: Error in connection establishment: net::ERR_CONNECTION_REFUSED @ http://localhost:5173/@vite/client:1034
[ 2610156ms] [ERROR] WebSocket connection to 'ws://localhost:5173/' failed: Error in connection establishment: net::ERR_CONNECTION_REFUSED @ http://localhost:5173/@vite/client:1034
[ 2616126ms] [ERROR] WebSocket connection to 'ws://localhost:5173/' failed: Error in connection establishment: net::ERR_CONNECTION_REFUSED @ http://localhost:5173/@vite/client:1034
[ 2618962ms] [ERROR] WebSocket connection to 'ws://localhost:5173/' failed: Error in connection establishment: net::ERR_CONNECTION_REFUSED @ http://localhost:5173/@vite/client:1034
[ 2621700ms] [ERROR] WebSocket connection to 'ws://localhost:5173/' failed: Error in connection establishment: net::ERR_CONNECTION_REFUSED @ http://localhost:5173/@vite/client:1034
[ 2624393ms] [ERROR] WebSocket connection to 'ws://localhost:5173/' failed: Error in connection establishment: net::ERR_CONNECTION_REFUSED @ http://localhost:5173/@vite/client:1034
[ 2628886ms] [ERROR] WebSocket connection to 'ws://localhost:5173/' failed: Error in connection establishment: net::ERR_CONNECTION_REFUSED @ http://localhost:5173/@vite/client:1034
[ 2634276ms] [ERROR] WebSocket connection to 'ws://localhost:5173/' failed: Error in connection establishment: net::ERR_CONNECTION_REFUSED @ http://localhost:5173/@vite/client:1034
[ 2638593ms] [ERROR] WebSocket connection to 'ws://localhost:5173/' failed: Error in connection establishment: net::ERR_CONNECTION_REFUSED @ http://localhost:5173/@vite/client:1034
[ 2643252ms] [ERROR] WebSocket connection to 'ws://localhost:5173/' failed: Error in connection establishment: net::ERR_CONNECTION_REFUSED @ http://localhost:5173/@vite/client:1034
[ 2644258ms] [ERROR] WebSocket connection to 'ws://localhost:5173/' failed: Error in connection establishment: net::ERR_CONNECTION_REFUSED @ http://localhost:5173/@vite/client:1034
[ 2645261ms] [ERROR] WebSocket connection to 'ws://localhost:5173/' failed: Error in connection establishment: net::ERR_CONNECTION_REFUSED @ http://localhost:5173/@vite/client:1034
[ 2646265ms] [ERROR] WebSocket connection to 'ws://localhost:5173/' failed: Error in connection establishment: net::ERR_CONNECTION_REFUSED @ http://localhost:5173/@vite/client:1034
[ 2647270ms] [ERROR] WebSocket connection to 'ws://localhost:5173/' failed: Error in connection establishment: net::ERR_CONNECTION_REFUSED @ http://localhost:5173/@vite/client:1034
[ 2648275ms] [ERROR] WebSocket connection to 'ws://localhost:5173/' failed: Error in connection establishment: net::ERR_CONNECTION_REFUSED @ http://localhost:5173/@vite/client:1034
[ 2649285ms] [ERROR] WebSocket connection to 'ws://localhost:5173/' failed: Error in connection establishment: net::ERR_CONNECTION_REFUSED @ http://localhost:5173/@vite/client:1034
[ 2650302ms] [ERROR] WebSocket connection to 'ws://localhost:5173/' failed: Error in connection establishment: net::ERR_CONNECTION_REFUSED @ http://localhost:5173/@vite/client:1034
[ 2651316ms] [ERROR] WebSocket connection to 'ws://localhost:5173/' failed: Error in connection establishment: net::ERR_CONNECTION_REFUSED @ http://localhost:5173/@vite/client:1034
[ 2849505ms] [ERROR] WebSocket connection to 'ws://localhost:5173/' failed: Error in connection establishment: net::ERR_CONNECTION_REFUSED @ http://localhost:5173/@vite/client:1034
[ 2850530ms] [ERROR] WebSocket connection to 'ws://localhost:5173/' failed: Error in connection establishment: net::ERR_CONNECTION_REFUSED @ http://localhost:5173/@vite/client:1034
[ 2851618ms] [ERROR] WebSocket connection to 'ws://localhost:5173/' failed: Error in connection establishment: net::ERR_CONNECTION_REFUSED @ http://localhost:5173/@vite/client:1034
[ 2852779ms] [ERROR] WebSocket connection to 'ws://localhost:5173/' failed: Error in connection establishment: net::ERR_CONNECTION_REFUSED @ http://localhost:5173/@vite/client:1034
[ 2854297ms] [ERROR] WebSocket connection to 'ws://localhost:5173/' failed: Error in connection establishment: net::ERR_CONNECTION_REFUSED @ http://localhost:5173/@vite/client:1034
[ 2856319ms] [ERROR] WebSocket connection to 'ws://localhost:5173/' failed: Error in connection establishment: net::ERR_CONNECTION_REFUSED @ http://localhost:5173/@vite/client:1034
[ 2858904ms] [ERROR] WebSocket connection to 'ws://localhost:5173/' failed: Error in connection establishment: net::ERR_CONNECTION_REFUSED @ http://localhost:5173/@vite/client:1034
[ 2864535ms] [ERROR] WebSocket connection to 'ws://localhost:5173/' failed: Error in connection establishment: net::ERR_CONNECTION_REFUSED @ http://localhost:5173/@vite/client:1034
[ 2867529ms] [ERROR] WebSocket connection to 'ws://localhost:5173/' failed: Error in connection establishment: net::ERR_CONNECTION_REFUSED @ http://localhost:5173/@vite/client:1034
[ 2870085ms] [ERROR] WebSocket connection to 'ws://localhost:5173/' failed: Error in connection establishment: net::ERR_CONNECTION_REFUSED @ http://localhost:5173/@vite/client:1034
[ 2873628ms] [ERROR] WebSocket connection to 'ws://localhost:5173/' failed: Error in connection establishment: net::ERR_CONNECTION_REFUSED @ http://localhost:5173/@vite/client:1034
[ 2876700ms] [ERROR] WebSocket connection to 'ws://localhost:5173/' failed: Error in connection establishment: net::ERR_CONNECTION_REFUSED @ http://localhost:5173/@vite/client:1034
[ 2881001ms] [ERROR] WebSocket connection to 'ws://localhost:5173/' failed: Error in connection establishment: net::ERR_CONNECTION_REFUSED @ http://localhost:5173/@vite/client:1034
[ 2883978ms] [ERROR] WebSocket connection to 'ws://localhost:5173/' failed: Error in connection establishment: net::ERR_CONNECTION_REFUSED @ http://localhost:5173/@vite/client:1034
[ 2886705ms] [ERROR] WebSocket connection to 'ws://localhost:5173/' failed: Error in connection establishment: net::ERR_CONNECTION_REFUSED @ http://localhost:5173/@vite/client:1034
[ 2892361ms] [ERROR] WebSocket connection to 'ws://localhost:5173/' failed: Error in connection establishment: net::ERR_CONNECTION_REFUSED @ http://localhost:5173/@vite/client:1034
[ 2895432ms] [ERROR] WebSocket connection to 'ws://localhost:5173/' failed: Error in connection establishment: net::ERR_CONNECTION_REFUSED @ http://localhost:5173/@vite/client:1034
[ 2898015ms] [ERROR] WebSocket connection to 'ws://localhost:5173/' failed: Error in connection establishment: net::ERR_CONNECTION_REFUSED @ http://localhost:5173/@vite/client:1034
[ 2903150ms] [ERROR] WebSocket connection to 'ws://localhost:5173/' failed: Error in connection establishment: net::ERR_CONNECTION_REFUSED @ http://localhost:5173/@vite/client:1034
[ 2906316ms] [ERROR] WebSocket connection to 'ws://localhost:5173/' failed: Error in connection establishment: net::ERR_CONNECTION_REFUSED @ http://localhost:5173/@vite/client:1034
[ 2910550ms] [ERROR] WebSocket connection to 'ws://localhost:5173/' failed: Error in connection establishment: net::ERR_CONNECTION_REFUSED @ http://localhost:5173/@vite/client:1034
[ 2913625ms] [ERROR] WebSocket connection to 'ws://localhost:5173/' failed: Error in connection establishment: net::ERR_CONNECTION_REFUSED @ http://localhost:5173/@vite/client:1034
[ 2919246ms] [ERROR] WebSocket connection to 'ws://localhost:5173/' failed: Error in connection establishment: net::ERR_CONNECTION_REFUSED @ http://localhost:5173/@vite/client:1034
[ 2921259ms] [ERROR] WebSocket connection to 'ws://localhost:5173/' failed: Error in connection establishment: net::ERR_CONNECTION_REFUSED @ http://localhost:5173/@vite/client:1034
[ 2925325ms] [ERROR] WebSocket connection to 'ws://localhost:5173/' failed: Error in connection establishment: net::ERR_CONNECTION_REFUSED @ http://localhost:5173/@vite/client:1034
[ 2927834ms] [ERROR] WebSocket connection to 'ws://localhost:5173/' failed: Error in connection establishment: net::ERR_CONNECTION_REFUSED @ http://localhost:5173/@vite/client:1034
[ 2933126ms] [ERROR] WebSocket connection to 'ws://localhost:5173/' failed: Error in connection establishment: net::ERR_CONNECTION_REFUSED @ http://localhost:5173/@vite/client:1034
[ 2935959ms] [ERROR] WebSocket connection to 'ws://localhost:5173/' failed: Error in connection establishment: net::ERR_CONNECTION_REFUSED @ http://localhost:5173/@vite/client:1034
[ 2939944ms] [ERROR] WebSocket connection to 'ws://localhost:5173/' failed: Error in connection establishment: net::ERR_CONNECTION_REFUSED @ http://localhost:5173/@vite/client:1034
[ 2945431ms] [ERROR] WebSocket connection to 'ws://localhost:5173/' failed: Error in connection establishment: net::ERR_CONNECTION_REFUSED @ http://localhost:5173/@vite/client:1034
[ 2950993ms] [ERROR] WebSocket connection to 'ws://localhost:5173/' failed: Error in connection establishment: net::ERR_CONNECTION_REFUSED @ http://localhost:5173/@vite/client:1034
[ 2953246ms] [ERROR] WebSocket connection to 'ws://localhost:5173/' failed: Error in connection establishment: net::ERR_CONNECTION_REFUSED @ http://localhost:5173/@vite/client:1034
[ 2956509ms] [ERROR] WebSocket connection to 'ws://localhost:5173/' failed: Error in connection establishment: net::ERR_CONNECTION_REFUSED @ http://localhost:5173/@vite/client:1034
[ 2958551ms] [ERROR] WebSocket connection to 'ws://localhost:5173/' failed: Error in connection establishment: net::ERR_CONNECTION_REFUSED @ http://localhost:5173/@vite/client:1034
[ 2961719ms] [ERROR] WebSocket connection to 'ws://localhost:5173/' failed: Error in connection establishment: net::ERR_CONNECTION_REFUSED @ http://localhost:5173/@vite/client:1034
[ 2966019ms] [ERROR] WebSocket connection to 'ws://localhost:5173/' failed: Error in connection establishment: net::ERR_CONNECTION_REFUSED @ http://localhost:5173/@vite/client:1034
[ 2971407ms] [ERROR] WebSocket connection to 'ws://localhost:5173/' failed: Error in connection establishment: net::ERR_CONNECTION_REFUSED @ http://localhost:5173/@vite/client:1034
[ 2973528ms] [ERROR] WebSocket connection to 'ws://localhost:5173/' failed: Error in connection establishment: net::ERR_CONNECTION_REFUSED @ http://localhost:5173/@vite/client:1034
[ 2979246ms] [ERROR] WebSocket connection to 'ws://localhost:5173/' failed: Error in connection establishment: net::ERR_CONNECTION_REFUSED @ http://localhost:5173/@vite/client:1034
[ 2981944ms] [ERROR] WebSocket connection to 'ws://localhost:5173/' failed: Error in connection establishment: net::ERR_CONNECTION_REFUSED @ http://localhost:5173/@vite/client:1034
[ 2985922ms] [ERROR] WebSocket connection to 'ws://localhost:5173/' failed: Error in connection establishment: net::ERR_CONNECTION_REFUSED @ http://localhost:5173/@vite/client:1034
[ 2990874ms] [ERROR] WebSocket connection to 'ws://localhost:5173/' failed: Error in connection establishment: net::ERR_CONNECTION_REFUSED @ http://localhost:5173/@vite/client:1034
[ 2994041ms] [ERROR] WebSocket connection to 'ws://localhost:5173/' failed: Error in connection establishment: net::ERR_CONNECTION_REFUSED @ http://localhost:5173/@vite/client:1034
[ 2997740ms] [ERROR] WebSocket connection to 'ws://localhost:5173/' failed: Error in connection establishment: net::ERR_CONNECTION_REFUSED @ http://localhost:5173/@vite/client:1034
[ 3000410ms] [ERROR] WebSocket connection to 'ws://localhost:5173/' failed: Error in connection establishment: net::ERR_CONNECTION_REFUSED @ http://localhost:5173/@vite/client:1034
[ 3004853ms] [ERROR] WebSocket connection to 'ws://localhost:5173/' failed: Error in connection establishment: net::ERR_CONNECTION_REFUSED @ http://localhost:5173/@vite/client:1034
[ 3009285ms] [ERROR] WebSocket connection to 'ws://localhost:5173/' failed: Error in connection establishment: net::ERR_CONNECTION_REFUSED @ http://localhost:5173/@vite/client:1034
[ 3012853ms] [ERROR] WebSocket connection to 'ws://localhost:5173/' failed: Error in connection establishment: net::ERR_CONNECTION_REFUSED @ http://localhost:5173/@vite/client:1034
[ 3016627ms] [ERROR] WebSocket connection to 'ws://localhost:5173/' failed: Error in connection establishment: net::ERR_CONNECTION_REFUSED @ http://localhost:5173/@vite/client:1034
[ 3020105ms] [ERROR] WebSocket connection to 'ws://localhost:5173/' failed: Error in connection establishment: net::ERR_CONNECTION_REFUSED @ http://localhost:5173/@vite/client:1034
[ 3024670ms] [ERROR] WebSocket connection to 'ws://localhost:5173/' failed: Error in connection establishment: net::ERR_CONNECTION_REFUSED @ http://localhost:5173/@vite/client:1034
[ 3030443ms] [ERROR] WebSocket connection to 'ws://localhost:5173/' failed: Error in connection establishment: net::ERR_CONNECTION_REFUSED @ http://localhost:5173/@vite/client:1034
[ 3034685ms] [ERROR] WebSocket connection to 'ws://localhost:5173/' failed: Error in connection establishment: net::ERR_CONNECTION_REFUSED @ http://localhost:5173/@vite/client:1034
[ 3037532ms] [ERROR] WebSocket connection to 'ws://localhost:5173/' failed: Error in connection establishment: net::ERR_CONNECTION_REFUSED @ http://localhost:5173/@vite/client:1034
[ 3042845ms] [ERROR] WebSocket connection to 'ws://localhost:5173/' failed: Error in connection establishment: net::ERR_CONNECTION_REFUSED @ http://localhost:5173/@vite/client:1034
[ 3044990ms] [ERROR] WebSocket connection to 'ws://localhost:5173/' failed: Error in connection establishment: net::ERR_CONNECTION_REFUSED @ http://localhost:5173/@vite/client:1034
[ 3049394ms] [ERROR] WebSocket connection to 'ws://localhost:5173/' failed: Error in connection establishment: net::ERR_CONNECTION_REFUSED @ http://localhost:5173/@vite/client:1034
[ 3051745ms] [ERROR] WebSocket connection to 'ws://localhost:5173/' failed: Error in connection establishment: net::ERR_CONNECTION_REFUSED @ http://localhost:5173/@vite/client:1034
[ 3056464ms] [ERROR] WebSocket connection to 'ws://localhost:5173/' failed: Error in connection establishment: net::ERR_CONNECTION_REFUSED @ http://localhost:5173/@vite/client:1034
[ 3059361ms] [ERROR] WebSocket connection to 'ws://localhost:5173/' failed: Error in connection establishment: net::ERR_CONNECTION_REFUSED @ http://localhost:5173/@vite/client:1034
[ 3062319ms] [ERROR] WebSocket connection to 'ws://localhost:5173/' failed: Error in connection establishment: net::ERR_CONNECTION_REFUSED @ http://localhost:5173/@vite/client:1034
[ 3065341ms] [ERROR] WebSocket connection to 'ws://localhost:5173/' failed: Error in connection establishment: net::ERR_CONNECTION_REFUSED @ http://localhost:5173/@vite/client:1034
[ 3069878ms] [ERROR] WebSocket connection to 'ws://localhost:5173/' failed: Error in connection establishment: net::ERR_CONNECTION_REFUSED @ http://localhost:5173/@vite/client:1034
[ 3072244ms] [ERROR] WebSocket connection to 'ws://localhost:5173/' failed: Error in connection establishment: net::ERR_CONNECTION_REFUSED @ http://localhost:5173/@vite/client:1034
[ 3074280ms] [ERROR] WebSocket connection to 'ws://localhost:5173/' failed: Error in connection establishment: net::ERR_CONNECTION_REFUSED @ http://localhost:5173/@vite/client:1034
[ 3077842ms] [ERROR] WebSocket connection to 'ws://localhost:5173/' failed: Error in connection establishment: net::ERR_CONNECTION_REFUSED @ http://localhost:5173/@vite/client:1034
[ 3081712ms] [ERROR] WebSocket connection to 'ws://localhost:5173/' failed: Error in connection establishment: net::ERR_CONNECTION_REFUSED @ http://localhost:5173/@vite/client:1034
[ 3087436ms] [ERROR] WebSocket connection to 'ws://localhost:5173/' failed: Error in connection establishment: net::ERR_CONNECTION_REFUSED @ http://localhost:5173/@vite/client:1034
[ 3092506ms] [ERROR] WebSocket connection to 'ws://localhost:5173/' failed: Error in connection establishment: net::ERR_CONNECTION_REFUSED @ http://localhost:5173/@vite/client:1034
[ 3097905ms] [ERROR] WebSocket connection to 'ws://localhost:5173/' failed: Error in connection establishment: net::ERR_CONNECTION_REFUSED @ http://localhost:5173/@vite/client:1034
[ 3101448ms] [ERROR] WebSocket connection to 'ws://localhost:5173/' failed: Error in connection establishment: net::ERR_CONNECTION_REFUSED @ http://localhost:5173/@vite/client:1034
[ 3107298ms] [ERROR] WebSocket connection to 'ws://localhost:5173/' failed: Error in connection establishment: net::ERR_CONNECTION_REFUSED @ http://localhost:5173/@vite/client:1034
[ 3110620ms] [ERROR] WebSocket connection to 'ws://localhost:5173/' failed: Error in connection establishment: net::ERR_CONNECTION_REFUSED @ http://localhost:5173/@vite/client:1034
[ 3113299ms] [ERROR] WebSocket connection to 'ws://localhost:5173/' failed: Error in connection establishment: net::ERR_CONNECTION_REFUSED @ http://localhost:5173/@vite/client:1034
[ 3115953ms] [ERROR] WebSocket connection to 'ws://localhost:5173/' failed: Error in connection establishment: net::ERR_CONNECTION_REFUSED @ http://localhost:5173/@vite/client:1034
[ 3118205ms] [ERROR] WebSocket connection to 'ws://localhost:5173/' failed: Error in connection establishment: net::ERR_CONNECTION_REFUSED @ http://localhost:5173/@vite/client:1034
[ 3122519ms] [ERROR] WebSocket connection to 'ws://localhost:5173/' failed: Error in connection establishment: net::ERR_CONNECTION_REFUSED @ http://localhost:5173/@vite/client:1034
[ 3126236ms] [ERROR] WebSocket connection to 'ws://localhost:5173/' failed: Error in connection establishment: net::ERR_CONNECTION_REFUSED @ http://localhost:5173/@vite/client:1034
[ 3130050ms] [ERROR] WebSocket connection to 'ws://localhost:5173/' failed: Error in connection establishment: net::ERR_CONNECTION_REFUSED @ http://localhost:5173/@vite/client:1034
[ 3134753ms] [ERROR] WebSocket connection to 'ws://localhost:5173/' failed: Error in connection establishment: net::ERR_CONNECTION_REFUSED @ http://localhost:5173/@vite/client:1034
[ 3137183ms] [ERROR] WebSocket connection to 'ws://localhost:5173/' failed: Error in connection establishment: net::ERR_CONNECTION_REFUSED @ http://localhost:5173/@vite/client:1034
[ 3141768ms] [ERROR] WebSocket connection to 'ws://localhost:5173/' failed: Error in connection establishment: net::ERR_CONNECTION_REFUSED @ http://localhost:5173/@vite/client:1034
[ 3146997ms] [ERROR] WebSocket connection to 'ws://localhost:5173/' failed: Error in connection establishment: net::ERR_CONNECTION_REFUSED @ http://localhost:5173/@vite/client:1034
[ 3150701ms] [ERROR] WebSocket connection to 'ws://localhost:5173/' failed: Error in connection establishment: net::ERR_CONNECTION_REFUSED @ http://localhost:5173/@vite/client:1034
[ 3155054ms] [ERROR] WebSocket connection to 'ws://localhost:5173/' failed: Error in connection establishment: net::ERR_CONNECTION_REFUSED @ http://localhost:5173/@vite/client:1034
[ 3158134ms] [ERROR] WebSocket connection to 'ws://localhost:5173/' failed: Error in connection establishment: net::ERR_CONNECTION_REFUSED @ http://localhost:5173/@vite/client:1034
[ 3163458ms] [ERROR] WebSocket connection to 'ws://localhost:5173/' failed: Error in connection establishment: net::ERR_CONNECTION_REFUSED @ http://localhost:5173/@vite/client:1034
[ 3166819ms] [ERROR] WebSocket connection to 'ws://localhost:5173/' failed: Error in connection establishment: net::ERR_CONNECTION_REFUSED @ http://localhost:5173/@vite/client:1034
[ 3168865ms] [ERROR] WebSocket connection to 'ws://localhost:5173/' failed: Error in connection establishment: net::ERR_CONNECTION_REFUSED @ http://localhost:5173/@vite/client:1034
[ 3171662ms] [ERROR] WebSocket connection to 'ws://localhost:5173/' failed: Error in connection establishment: net::ERR_CONNECTION_REFUSED @ http://localhost:5173/@vite/client:1034
[ 3173814ms] [ERROR] WebSocket connection to 'ws://localhost:5173/' failed: Error in connection establishment: net::ERR_CONNECTION_REFUSED @ http://localhost:5173/@vite/client:1034
[ 3177050ms] [ERROR] WebSocket connection to 'ws://localhost:5173/' failed: Error in connection establishment: net::ERR_CONNECTION_REFUSED @ http://localhost:5173/@vite/client:1034
[ 3182587ms] [ERROR] WebSocket connection to 'ws://localhost:5173/' failed: Error in connection establishment: net::ERR_CONNECTION_REFUSED @ http://localhost:5173/@vite/client:1034
[ 3185051ms] [ERROR] WebSocket connection to 'ws://localhost:5173/' failed: Error in connection establishment: net::ERR_CONNECTION_REFUSED @ http://localhost:5173/@vite/client:1034
[ 3189679ms] [ERROR] WebSocket connection to 'ws://localhost:5173/' failed: Error in connection establishment: net::ERR_CONNECTION_REFUSED @ http://localhost:5173/@vite/client:1034
[ 3194886ms] [ERROR] WebSocket connection to 'ws://localhost:5173/' failed: Error in connection establishment: net::ERR_CONNECTION_REFUSED @ http://localhost:5173/@vite/client:1034
[ 3199624ms] [ERROR] WebSocket connection to 'ws://localhost:5173/' failed: Error in connection establishment: net::ERR_CONNECTION_REFUSED @ http://localhost:5173/@vite/client:1034
[ 3203766ms] [ERROR] WebSocket connection to 'ws://localhost:5173/' failed: Error in connection establishment: net::ERR_CONNECTION_REFUSED @ http://localhost:5173/@vite/client:1034
[ 3209238ms] [ERROR] WebSocket connection to 'ws://localhost:5173/' failed: Error in connection establishment: net::ERR_CONNECTION_REFUSED @ http://localhost:5173/@vite/client:1034
[ 3214970ms] [ERROR] WebSocket connection to 'ws://localhost:5173/' failed: Error in connection establishment: net::ERR_CONNECTION_REFUSED @ http://localhost:5173/@vite/client:1034
[ 3217708ms] [ERROR] WebSocket connection to 'ws://localhost:5173/' failed: Error in connection establishment: net::ERR_CONNECTION_REFUSED @ http://localhost:5173/@vite/client:1034
[ 3219794ms] [ERROR] WebSocket connection to 'ws://localhost:5173/' failed: Error in connection establishment: net::ERR_CONNECTION_REFUSED @ http://localhost:5173/@vite/client:1034
[ 3222371ms] [ERROR] WebSocket connection to 'ws://localhost:5173/' failed: Error in connection establishment: net::ERR_CONNECTION_REFUSED @ http://localhost:5173/@vite/client:1034
[ 3227744ms] [ERROR] WebSocket connection to 'ws://localhost:5173/' failed: Error in connection establishment: net::ERR_CONNECTION_REFUSED @ http://localhost:5173/@vite/client:1034
[ 3233562ms] [ERROR] WebSocket connection to 'ws://localhost:5173/' failed: Error in connection establishment: net::ERR_CONNECTION_REFUSED @ http://localhost:5173/@vite/client:1034
[ 3239180ms] [ERROR] WebSocket connection to 'ws://localhost:5173/' failed: Error in connection establishment: net::ERR_CONNECTION_REFUSED @ http://localhost:5173/@vite/client:1034
[ 3243302ms] [ERROR] WebSocket connection to 'ws://localhost:5173/' failed: Error in connection establishment: net::ERR_CONNECTION_REFUSED @ http://localhost:5173/@vite/client:1034
[ 3247803ms] [ERROR] WebSocket connection to 'ws://localhost:5173/' failed: Error in connection establishment: net::ERR_CONNECTION_REFUSED @ http://localhost:5173/@vite/client:1034
[ 3249920ms] [ERROR] WebSocket connection to 'ws://localhost:5173/' failed: Error in connection establishment: net::ERR_CONNECTION_REFUSED @ http://localhost:5173/@vite/client:1034
[ 3254522ms] [ERROR] WebSocket connection to 'ws://localhost:5173/' failed: Error in connection establishment: net::ERR_CONNECTION_REFUSED @ http://localhost:5173/@vite/client:1034
[ 3258336ms] [ERROR] WebSocket connection to 'ws://localhost:5173/' failed: Error in connection establishment: net::ERR_CONNECTION_REFUSED @ http://localhost:5173/@vite/client:1034
[ 3263064ms] [ERROR] WebSocket connection to 'ws://localhost:5173/' failed: Error in connection establishment: net::ERR_CONNECTION_REFUSED @ http://localhost:5173/@vite/client:1034
[ 3267014ms] [ERROR] WebSocket connection to 'ws://localhost:5173/' failed: Error in connection establishment: net::ERR_CONNECTION_REFUSED @ http://localhost:5173/@vite/client:1034
[ 3269234ms] [ERROR] WebSocket connection to 'ws://localhost:5173/' failed: Error in connection establishment: net::ERR_CONNECTION_REFUSED @ http://localhost:5173/@vite/client:1034
[ 3274221ms] [ERROR] WebSocket connection to 'ws://localhost:5173/' failed: Error in connection establishment: net::ERR_CONNECTION_REFUSED @ http://localhost:5173/@vite/client:1034
[ 3279121ms] [ERROR] WebSocket connection to 'ws://localhost:5173/' failed: Error in connection establishment: net::ERR_CONNECTION_REFUSED @ http://localhost:5173/@vite/client:1034
[ 3282857ms] [ERROR] WebSocket connection to 'ws://localhost:5173/' failed: Error in connection establishment: net::ERR_CONNECTION_REFUSED @ http://localhost:5173/@vite/client:1034
[ 3286133ms] [ERROR] WebSocket connection to 'ws://localhost:5173/' failed: Error in connection establishment: net::ERR_CONNECTION_REFUSED @ http://localhost:5173/@vite/client:1034
[ 3290352ms] [ERROR] WebSocket connection to 'ws://localhost:5173/' failed: Error in connection establishment: net::ERR_CONNECTION_REFUSED @ http://localhost:5173/@vite/client:1034
[ 3294361ms] [ERROR] WebSocket connection to 'ws://localhost:5173/' failed: Error in connection establishment: net::ERR_CONNECTION_REFUSED @ http://localhost:5173/@vite/client:1034
[ 3297906ms] [ERROR] WebSocket connection to 'ws://localhost:5173/' failed: Error in connection establishment: net::ERR_CONNECTION_REFUSED @ http://localhost:5173/@vite/client:1034
[ 3302002ms] [ERROR] WebSocket connection to 'ws://localhost:5173/' failed: Error in connection establishment: net::ERR_CONNECTION_REFUSED @ http://localhost:5173/@vite/client:1034
[ 3306864ms] [ERROR] WebSocket connection to 'ws://localhost:5173/' failed: Error in connection establishment: net::ERR_CONNECTION_REFUSED @ http://localhost:5173/@vite/client:1034
[ 3310173ms] [ERROR] WebSocket connection to 'ws://localhost:5173/' failed: Error in connection establishment: net::ERR_CONNECTION_REFUSED @ http://localhost:5173/@vite/client:1034
[ 3314768ms] [ERROR] WebSocket connection to 'ws://localhost:5173/' failed: Error in connection establishment: net::ERR_CONNECTION_REFUSED @ http://localhost:5173/@vite/client:1034
[ 3319829ms] [ERROR] WebSocket connection to 'ws://localhost:5173/' failed: Error in connection establishment: net::ERR_CONNECTION_REFUSED @ http://localhost:5173/@vite/client:1034
[ 3323475ms] [ERROR] WebSocket connection to 'ws://localhost:5173/' failed: Error in connection establishment: net::ERR_CONNECTION_REFUSED @ http://localhost:5173/@vite/client:1034
[ 3327423ms] [ERROR] WebSocket connection to 'ws://localhost:5173/' failed: Error in connection establishment: net::ERR_CONNECTION_REFUSED @ http://localhost:5173/@vite/client:1034
[ 3332036ms] [ERROR] WebSocket connection to 'ws://localhost:5173/' failed: Error in connection establishment: net::ERR_CONNECTION_REFUSED @ http://localhost:5173/@vite/client:1034
[ 3336079ms] [ERROR] WebSocket connection to 'ws://localhost:5173/' failed: Error in connection establishment: net::ERR_CONNECTION_REFUSED @ http://localhost:5173/@vite/client:1034
[ 3339129ms] [ERROR] WebSocket connection to 'ws://localhost:5173/' failed: Error in connection establishment: net::ERR_CONNECTION_REFUSED @ http://localhost:5173/@vite/client:1034
[ 3344545ms] [ERROR] WebSocket connection to 'ws://localhost:5173/' failed: Error in connection establishment: net::ERR_CONNECTION_REFUSED @ http://localhost:5173/@vite/client:1034
[ 3349981ms] [ERROR] WebSocket connection to 'ws://localhost:5173/' failed: Error in connection establishment: net::ERR_CONNECTION_REFUSED @ http://localhost:5173/@vite/client:1034
[ 3353325ms] [ERROR] WebSocket connection to 'ws://localhost:5173/' failed: Error in connection establishment: net::ERR_CONNECTION_REFUSED @ http://localhost:5173/@vite/client:1034
[ 3356092ms] [ERROR] WebSocket connection to 'ws://localhost:5173/' failed: Error in connection establishment: net::ERR_CONNECTION_REFUSED @ http://localhost:5173/@vite/client:1034
[ 3358355ms] [ERROR] WebSocket connection to 'ws://localhost:5173/' failed: Error in connection establishment: net::ERR_CONNECTION_REFUSED @ http://localhost:5173/@vite/client:1034
[ 3470754ms] [ERROR] WebSocket connection to 'ws://localhost:5173/' failed: Error in connection establishment: net::ERR_CONNECTION_REFUSED @ http://localhost:5173/@vite/client:1034
[ 3474651ms] [ERROR] WebSocket connection to 'ws://localhost:5173/' failed: Error in connection establishment: net::ERR_CONNECTION_REFUSED @ http://localhost:5173/@vite/client:1034
[ 3619444ms] [ERROR] WebSocket connection to 'ws://localhost:5173/' failed: Error in connection establishment: net::ERR_CONNECTION_REFUSED @ http://localhost:5173/@vite/client:1034
[ 3623070ms] [ERROR] WebSocket connection to 'ws://localhost:5173/' failed: Error in connection establishment: net::ERR_CONNECTION_REFUSED @ http://localhost:5173/@vite/client:1034
[ 3627391ms] [ERROR] WebSocket connection to 'ws://localhost:5173/' failed: Error in connection establishment: net::ERR_CONNECTION_REFUSED @ http://localhost:5173/@vite/client:1034
[ 3633359ms] [ERROR] WebSocket connection to 'ws://localhost:5173/' failed: Error in connection establishment: net::ERR_CONNECTION_REFUSED @ http://localhost:5173/@vite/client:1034
[ 3635878ms] [ERROR] WebSocket connection to 'ws://localhost:5173/' failed: Error in connection establishment: net::ERR_CONNECTION_REFUSED @ http://localhost:5173/@vite/client:1034
[ 3641222ms] [ERROR] WebSocket connection to 'ws://localhost:5173/' failed: Error in connection establishment: net::ERR_CONNECTION_REFUSED @ http://localhost:5173/@vite/client:1034
[ 4206095ms] [ERROR] WebSocket connection to 'ws://localhost:5173/' failed: Error in connection establishment: net::ERR_CONNECTION_REFUSED @ http://localhost:5173/@vite/client:1034
[ 4210161ms] [ERROR] WebSocket connection to 'ws://localhost:5173/' failed: Error in connection establishment: net::ERR_CONNECTION_REFUSED @ http://localhost:5173/@vite/client:1034
[ 4216161ms] [ERROR] WebSocket connection to 'ws://localhost:5173/' failed: Error in connection establishment: net::ERR_CONNECTION_REFUSED @ http://localhost:5173/@vite/client:1034
[ 4219503ms] [ERROR] WebSocket connection to 'ws://localhost:5173/' failed: Error in connection establishment: net::ERR_CONNECTION_REFUSED @ http://localhost:5173/@vite/client:1034
[ 4225358ms] [ERROR] WebSocket connection to 'ws://localhost:5173/' failed: Error in connection establishment: net::ERR_CONNECTION_REFUSED @ http://localhost:5173/@vite/client:1034
[ 4229957ms] [ERROR] WebSocket connection to 'ws://localhost:5173/' failed: Error in connection establishment: net::ERR_CONNECTION_REFUSED @ http://localhost:5173/@vite/client:1034
[ 4232173ms] [ERROR] WebSocket connection to 'ws://localhost:5173/' failed: Error in connection establishment: net::ERR_CONNECTION_REFUSED @ http://localhost:5173/@vite/client:1034
[ 4235767ms] [ERROR] WebSocket connection to 'ws://localhost:5173/' failed: Error in connection establishment: net::ERR_CONNECTION_REFUSED @ http://localhost:5173/@vite/client:1034
[ 4239201ms] [ERROR] WebSocket connection to 'ws://localhost:5173/' failed: Error in connection establishment: net::ERR_CONNECTION_REFUSED @ http://localhost:5173/@vite/client:1034
[ 4241238ms] [ERROR] WebSocket connection to 'ws://localhost:5173/' failed: Error in connection establishment: net::ERR_CONNECTION_REFUSED @ http://localhost:5173/@vite/client:1034
[ 4246474ms] [ERROR] WebSocket connection to 'ws://localhost:5173/' failed: Error in connection establishment: net::ERR_CONNECTION_REFUSED @ http://localhost:5173/@vite/client:1034
[ 4787819ms] [ERROR] WebSocket connection to 'ws://localhost:5173/' failed: Error in connection establishment: net::ERR_CONNECTION_REFUSED @ http://localhost:5173/@vite/client:1034
[ 4790692ms] [ERROR] WebSocket connection to 'ws://localhost:5173/' failed: Error in connection establishment: net::ERR_CONNECTION_REFUSED @ http://localhost:5173/@vite/client:1034
[ 4793871ms] [ERROR] WebSocket connection to 'ws://localhost:5173/' failed: Error in connection establishment: net::ERR_CONNECTION_REFUSED @ http://localhost:5173/@vite/client:1034
[ 4797797ms] [ERROR] WebSocket connection to 'ws://localhost:5173/' failed: Error in connection establishment: net::ERR_CONNECTION_REFUSED @ http://localhost:5173/@vite/client:1034
[ 4803501ms] [ERROR] WebSocket connection to 'ws://localhost:5173/' failed: Error in connection establishment: net::ERR_CONNECTION_REFUSED @ http://localhost:5173/@vite/client:1034
[ 4806251ms] [ERROR] WebSocket connection to 'ws://localhost:5173/' failed: Error in connection establishment: net::ERR_CONNECTION_REFUSED @ http://localhost:5173/@vite/client:1034
[ 4809404ms] [ERROR] WebSocket connection to 'ws://localhost:5173/' failed: Error in connection establishment: net::ERR_CONNECTION_REFUSED @ http://localhost:5173/@vite/client:1034
[ 4814998ms] [ERROR] WebSocket connection to 'ws://localhost:5173/' failed: Error in connection establishment: net::ERR_CONNECTION_REFUSED @ http://localhost:5173/@vite/client:1034
[ 4819104ms] [ERROR] WebSocket connection to 'ws://localhost:5173/' failed: Error in connection establishment: net::ERR_CONNECTION_REFUSED @ http://localhost:5173/@vite/client:1034
[ 4821739ms] [ERROR] WebSocket connection to 'ws://localhost:5173/' failed: Error in connection establishment: net::ERR_CONNECTION_REFUSED @ http://localhost:5173/@vite/client:1034
[ 4826421ms] [ERROR] WebSocket connection to 'ws://localhost:5173/' failed: Error in connection establishment: net::ERR_CONNECTION_REFUSED @ http://localhost:5173/@vite/client:1034
[ 4828731ms] [ERROR] WebSocket connection to 'ws://localhost:5173/' failed: Error in connection establishment: net::ERR_CONNECTION_REFUSED @ http://localhost:5173/@vite/client:1034
[ 4834055ms] [ERROR] WebSocket connection to 'ws://localhost:5173/' failed: Error in connection establishment: net::ERR_CONNECTION_REFUSED @ http://localhost:5173/@vite/client:1034
[ 4838255ms] [ERROR] WebSocket connection to 'ws://localhost:5173/' failed: Error in connection establishment: net::ERR_CONNECTION_REFUSED @ http://localhost:5173/@vite/client:1034
[ 4841611ms] [ERROR] WebSocket connection to 'ws://localhost:5173/' failed: Error in connection establishment: net::ERR_CONNECTION_REFUSED @ http://localhost:5173/@vite/client:1034
[ 4845811ms] [ERROR] WebSocket connection to 'ws://localhost:5173/' failed: Error in connection establishment: net::ERR_CONNECTION_REFUSED @ http://localhost:5173/@vite/client:1034
[ 4848349ms] [ERROR] WebSocket connection to 'ws://localhost:5173/' failed: Error in connection establishment: net::ERR_CONNECTION_REFUSED @ http://localhost:5173/@vite/client:1034
[ 4854012ms] [ERROR] WebSocket connection to 'ws://localhost:5173/' failed: Error in connection establishment: net::ERR_CONNECTION_REFUSED @ http://localhost:5173/@vite/client:1034
[ 4858845ms] [ERROR] WebSocket connection to 'ws://localhost:5173/' failed: Error in connection establishment: net::ERR_CONNECTION_REFUSED @ http://localhost:5173/@vite/client:1034
[ 5077447ms] [ERROR] WebSocket connection to 'ws://localhost:5173/' failed: Error in connection establishment: net::ERR_CONNECTION_REFUSED @ http://localhost:5173/@vite/client:1034
[ 5083374ms] [ERROR] WebSocket connection to 'ws://localhost:5173/' failed: Error in connection establishment: net::ERR_CONNECTION_REFUSED @ http://localhost:5173/@vite/client:1034
[ 5086323ms] [ERROR] WebSocket connection to 'ws://localhost:5173/' failed: Error in connection establishment: net::ERR_CONNECTION_REFUSED @ http://localhost:5173/@vite/client:1034
[ 5089288ms] [ERROR] WebSocket connection to 'ws://localhost:5173/' failed: Error in connection establishment: net::ERR_CONNECTION_REFUSED @ http://localhost:5173/@vite/client:1034
[ 5092482ms] [ERROR] WebSocket connection to 'ws://localhost:5173/' failed: Error in connection establishment: net::ERR_CONNECTION_REFUSED @ http://localhost:5173/@vite/client:1034
[ 5097323ms] [ERROR] WebSocket connection to 'ws://localhost:5173/' failed: Error in connection establishment: net::ERR_CONNECTION_REFUSED @ http://localhost:5173/@vite/client:1034
[ 5102006ms] [ERROR] WebSocket connection to 'ws://localhost:5173/' failed: Error in connection establishment: net::ERR_CONNECTION_REFUSED @ http://localhost:5173/@vite/client:1034
[ 5104673ms] [ERROR] WebSocket connection to 'ws://localhost:5173/' failed: Error in connection establishment: net::ERR_CONNECTION_REFUSED @ http://localhost:5173/@vite/client:1034
[ 5108571ms] [ERROR] WebSocket connection to 'ws://localhost:5173/' failed: Error in connection establishment: net::ERR_CONNECTION_REFUSED @ http://localhost:5173/@vite/client:1034
[ 5112931ms] [ERROR] WebSocket connection to 'ws://localhost:5173/' failed: Error in connection establishment: net::ERR_CONNECTION_REFUSED @ http://localhost:5173/@vite/client:1034
[ 5115232ms] [ERROR] WebSocket connection to 'ws://localhost:5173/' failed: Error in connection establishment: net::ERR_CONNECTION_REFUSED @ http://localhost:5173/@vite/client:1034
[ 5120343ms] [ERROR] WebSocket connection to 'ws://localhost:5173/' failed: Error in connection establishment: net::ERR_CONNECTION_REFUSED @ http://localhost:5173/@vite/client:1034
[ 5124609ms] [ERROR] WebSocket connection to 'ws://localhost:5173/' failed: Error in connection establishment: net::ERR_CONNECTION_REFUSED @ http://localhost:5173/@vite/client:1034
[ 5125613ms] [ERROR] WebSocket connection to 'ws://localhost:5173/' failed: Error in connection establishment: net::ERR_CONNECTION_REFUSED @ http://localhost:5173/@vite/client:1034
[ 5126617ms] [ERROR] WebSocket connection to 'ws://localhost:5173/' failed: Error in connection establishment: net::ERR_CONNECTION_REFUSED @ http://localhost:5173/@vite/client:1034
[ 5127621ms] [ERROR] WebSocket connection to 'ws://localhost:5173/' failed: Error in connection establishment: net::ERR_CONNECTION_REFUSED @ http://localhost:5173/@vite/client:1034
[ 5128626ms] [ERROR] WebSocket connection to 'ws://localhost:5173/' failed: Error in connection establishment: net::ERR_CONNECTION_REFUSED @ http://localhost:5173/@vite/client:1034
[ 5129628ms] [ERROR] WebSocket connection to 'ws://localhost:5173/' failed: Error in connection establishment: net::ERR_CONNECTION_REFUSED @ http://localhost:5173/@vite/client:1034
[ 5130634ms] [ERROR] WebSocket connection to 'ws://localhost:5173/' failed: Error in connection establishment: net::ERR_CONNECTION_REFUSED @ http://localhost:5173/@vite/client:1034
[ 5131643ms] [ERROR] WebSocket connection to 'ws://localhost:5173/' failed: Error in connection establishment: net::ERR_CONNECTION_REFUSED @ http://localhost:5173/@vite/client:1034
[ 5132658ms] [ERROR] WebSocket connection to 'ws://localhost:5173/' failed: Error in connection establishment: net::ERR_CONNECTION_REFUSED @ http://localhost:5173/@vite/client:1034
[ 5133683ms] [ERROR] WebSocket connection to 'ws://localhost:5173/' failed: Error in connection establishment: net::ERR_CONNECTION_REFUSED @ http://localhost:5173/@vite/client:1034
[ 5134753ms] [ERROR] WebSocket connection to 'ws://localhost:5173/' failed: Error in connection establishment: net::ERR_CONNECTION_REFUSED @ http://localhost:5173/@vite/client:1034
[ 5135819ms] [ERROR] WebSocket connection to 'ws://localhost:5173/' failed: Error in connection establishment: net::ERR_CONNECTION_REFUSED @ http://localhost:5173/@vite/client:1034
[ 5137063ms] [ERROR] WebSocket connection to 'ws://localhost:5173/' failed: Error in connection establishment: net::ERR_CONNECTION_REFUSED @ http://localhost:5173/@vite/client:1034
[ 5138674ms] [ERROR] WebSocket connection to 'ws://localhost:5173/' failed: Error in connection establishment: net::ERR_CONNECTION_REFUSED @ http://localhost:5173/@vite/client:1034
[ 5140656ms] [ERROR] WebSocket connection to 'ws://localhost:5173/' failed: Error in connection establishment: net::ERR_CONNECTION_REFUSED @ http://localhost:5173/@vite/client:1034
[ 5144144ms] [ERROR] WebSocket connection to 'ws://localhost:5173/' failed: Error in connection establishment: net::ERR_CONNECTION_REFUSED @ http://localhost:5173/@vite/client:1034
[ 5147566ms] [ERROR] WebSocket connection to 'ws://localhost:5173/' failed: Error in connection establishment: net::ERR_CONNECTION_REFUSED @ http://localhost:5173/@vite/client:1034
[ 5150279ms] [ERROR] WebSocket connection to 'ws://localhost:5173/' failed: Error in connection establishment: net::ERR_CONNECTION_REFUSED @ http://localhost:5173/@vite/client:1034
[ 5155864ms] [ERROR] WebSocket connection to 'ws://localhost:5173/' failed: Error in connection establishment: net::ERR_CONNECTION_REFUSED @ http://localhost:5173/@vite/client:1034
[ 5161351ms] [ERROR] WebSocket connection to 'ws://localhost:5173/' failed: Error in connection establishment: net::ERR_CONNECTION_REFUSED @ http://localhost:5173/@vite/client:1034
[ 5164797ms] [ERROR] WebSocket connection to 'ws://localhost:5173/' failed: Error in connection establishment: net::ERR_CONNECTION_REFUSED @ http://localhost:5173/@vite/client:1034
[ 5167188ms] [ERROR] WebSocket connection to 'ws://localhost:5173/' failed: Error in connection establishment: net::ERR_CONNECTION_REFUSED @ http://localhost:5173/@vite/client:1034
[ 5171731ms] [ERROR] WebSocket connection to 'ws://localhost:5173/' failed: Error in connection establishment: net::ERR_CONNECTION_REFUSED @ http://localhost:5173/@vite/client:1034
[ 5174464ms] [ERROR] WebSocket connection to 'ws://localhost:5173/' failed: Error in connection establishment: net::ERR_CONNECTION_REFUSED @ http://localhost:5173/@vite/client:1034
[ 5177888ms] [ERROR] WebSocket connection to 'ws://localhost:5173/' failed: Error in connection establishment: net::ERR_CONNECTION_REFUSED @ http://localhost:5173/@vite/client:1034
[ 5180306ms] [ERROR] WebSocket connection to 'ws://localhost:5173/' failed: Error in connection establishment: net::ERR_CONNECTION_REFUSED @ http://localhost:5173/@vite/client:1034
[ 5182390ms] [ERROR] WebSocket connection to 'ws://localhost:5173/' failed: Error in connection establishment: net::ERR_CONNECTION_REFUSED @ http://localhost:5173/@vite/client:1034
[ 5187843ms] [ERROR] WebSocket connection to 'ws://localhost:5173/' failed: Error in connection establishment: net::ERR_CONNECTION_REFUSED @ http://localhost:5173/@vite/client:1034
[ 5192439ms] [ERROR] WebSocket connection to 'ws://localhost:5173/' failed: Error in connection establishment: net::ERR_CONNECTION_REFUSED @ http://localhost:5173/@vite/client:1034
[ 5196553ms] [ERROR] WebSocket connection to 'ws://localhost:5173/' failed: Error in connection establishment: net::ERR_CONNECTION_REFUSED @ http://localhost:5173/@vite/client:1034
[ 5200447ms] [ERROR] WebSocket connection to 'ws://localhost:5173/' failed: Error in connection establishment: net::ERR_CONNECTION_REFUSED @ http://localhost:5173/@vite/client:1034
[ 5203214ms] [ERROR] WebSocket connection to 'ws://localhost:5173/' failed: Error in connection establishment: net::ERR_CONNECTION_REFUSED @ http://localhost:5173/@vite/client:1034
[ 5207700ms] [ERROR] WebSocket connection to 'ws://localhost:5173/' failed: Error in connection establishment: net::ERR_CONNECTION_REFUSED @ http://localhost:5173/@vite/client:1034
[ 5211131ms] [ERROR] WebSocket connection to 'ws://localhost:5173/' failed: Error in connection establishment: net::ERR_CONNECTION_REFUSED @ http://localhost:5173/@vite/client:1034
[ 5213563ms] [ERROR] WebSocket connection to 'ws://localhost:5173/' failed: Error in connection establishment: net::ERR_CONNECTION_REFUSED @ http://localhost:5173/@vite/client:1034
[ 5215817ms] [ERROR] WebSocket connection to 'ws://localhost:5173/' failed: Error in connection establishment: net::ERR_CONNECTION_REFUSED @ http://localhost:5173/@vite/client:1034
[ 5220917ms] [ERROR] WebSocket connection to 'ws://localhost:5173/' failed: Error in connection establishment: net::ERR_CONNECTION_REFUSED @ http://localhost:5173/@vite/client:1034
[ 5226556ms] [ERROR] WebSocket connection to 'ws://localhost:5173/' failed: Error in connection establishment: net::ERR_CONNECTION_REFUSED @ http://localhost:5173/@vite/client:1034
[ 5229066ms] [ERROR] WebSocket connection to 'ws://localhost:5173/' failed: Error in connection establishment: net::ERR_CONNECTION_REFUSED @ http://localhost:5173/@vite/client:1034
[ 5231500ms] [ERROR] WebSocket connection to 'ws://localhost:5173/' failed: Error in connection establishment: net::ERR_CONNECTION_REFUSED @ http://localhost:5173/@vite/client:1034
[ 5234082ms] [ERROR] WebSocket connection to 'ws://localhost:5173/' failed: Error in connection establishment: net::ERR_CONNECTION_REFUSED @ http://localhost:5173/@vite/client:1034
[ 5236654ms] [ERROR] WebSocket connection to 'ws://localhost:5173/' failed: Error in connection establishment: net::ERR_CONNECTION_REFUSED @ http://localhost:5173/@vite/client:1034
[ 5238787ms] [ERROR] WebSocket connection to 'ws://localhost:5173/' failed: Error in connection establishment: net::ERR_CONNECTION_REFUSED @ http://localhost:5173/@vite/client:1034
[ 5241748ms] [ERROR] WebSocket connection to 'ws://localhost:5173/' failed: Error in connection establishment: net::ERR_CONNECTION_REFUSED @ http://localhost:5173/@vite/client:1034
[ 5244079ms] [ERROR] WebSocket connection to 'ws://localhost:5173/' failed: Error in connection establishment: net::ERR_CONNECTION_REFUSED @ http://localhost:5173/@vite/client:1034
[ 5249982ms] [ERROR] WebSocket connection to 'ws://localhost:5173/' failed: Error in connection establishment: net::ERR_CONNECTION_REFUSED @ http://localhost:5173/@vite/client:1034
[ 5252540ms] [ERROR] WebSocket connection to 'ws://localhost:5173/' failed: Error in connection establishment: net::ERR_CONNECTION_REFUSED @ http://localhost:5173/@vite/client:1034
[ 5256773ms] [ERROR] WebSocket connection to 'ws://localhost:5173/' failed: Error in connection establishment: net::ERR_CONNECTION_REFUSED @ http://localhost:5173/@vite/client:1034
[ 5259308ms] [ERROR] WebSocket connection to 'ws://localhost:5173/' failed: Error in connection establishment: net::ERR_CONNECTION_REFUSED @ http://localhost:5173/@vite/client:1034
[ 5264513ms] [ERROR] WebSocket connection to 'ws://localhost:5173/' failed: Error in connection establishment: net::ERR_CONNECTION_REFUSED @ http://localhost:5173/@vite/client:1034
[ 5267924ms] [ERROR] WebSocket connection to 'ws://localhost:5173/' failed: Error in connection establishment: net::ERR_CONNECTION_REFUSED @ http://localhost:5173/@vite/client:1034
[ 5270385ms] [ERROR] WebSocket connection to 'ws://localhost:5173/' failed: Error in connection establishment: net::ERR_CONNECTION_REFUSED @ http://localhost:5173/@vite/client:1034
[ 5273356ms] [ERROR] WebSocket connection to 'ws://localhost:5173/' failed: Error in connection establishment: net::ERR_CONNECTION_REFUSED @ http://localhost:5173/@vite/client:1034
[ 5279247ms] [ERROR] WebSocket connection to 'ws://localhost:5173/' failed: Error in connection establishment: net::ERR_CONNECTION_REFUSED @ http://localhost:5173/@vite/client:1034
[ 5282089ms] [ERROR] WebSocket connection to 'ws://localhost:5173/' failed: Error in connection establishment: net::ERR_CONNECTION_REFUSED @ http://localhost:5173/@vite/client:1034
[ 5286873ms] [ERROR] WebSocket connection to 'ws://localhost:5173/' failed: Error in connection establishment: net::ERR_CONNECTION_REFUSED @ http://localhost:5173/@vite/client:1034
[ 5289934ms] [ERROR] WebSocket connection to 'ws://localhost:5173/' failed: Error in connection establishment: net::ERR_CONNECTION_REFUSED @ http://localhost:5173/@vite/client:1034
[ 5293079ms] [ERROR] WebSocket connection to 'ws://localhost:5173/' failed: Error in connection establishment: net::ERR_CONNECTION_REFUSED @ http://localhost:5173/@vite/client:1034
[ 5296182ms] [ERROR] WebSocket connection to 'ws://localhost:5173/' failed: Error in connection establishment: net::ERR_CONNECTION_REFUSED @ http://localhost:5173/@vite/client:1034
[ 5300711ms] [ERROR] WebSocket connection to 'ws://localhost:5173/' failed: Error in connection establishment: net::ERR_CONNECTION_REFUSED @ http://localhost:5173/@vite/client:1034
[ 5304799ms] [ERROR] WebSocket connection to 'ws://localhost:5173/' failed: Error in connection establishment: net::ERR_CONNECTION_REFUSED @ http://localhost:5173/@vite/client:1034
[ 5308894ms] [ERROR] WebSocket connection to 'ws://localhost:5173/' failed: Error in connection establishment: net::ERR_CONNECTION_REFUSED @ http://localhost:5173/@vite/client:1034
[ 5312006ms] [ERROR] WebSocket connection to 'ws://localhost:5173/' failed: Error in connection establishment: net::ERR_CONNECTION_REFUSED @ http://localhost:5173/@vite/client:1034
[ 5314432ms] [ERROR] WebSocket connection to 'ws://localhost:5173/' failed: Error in connection establishment: net::ERR_CONNECTION_REFUSED @ http://localhost:5173/@vite/client:1034
[ 5318623ms] [ERROR] WebSocket connection to 'ws://localhost:5173/' failed: Error in connection establishment: net::ERR_CONNECTION_REFUSED @ http://localhost:5173/@vite/client:1034
[ 5322231ms] [ERROR] WebSocket connection to 'ws://localhost:5173/' failed: Error in connection establishment: net::ERR_CONNECTION_REFUSED @ http://localhost:5173/@vite/client:1034
[ 5327493ms] [ERROR] WebSocket connection to 'ws://localhost:5173/' failed: Error in connection establishment: net::ERR_CONNECTION_REFUSED @ http://localhost:5173/@vite/client:1034
[ 5331659ms] [ERROR] WebSocket connection to 'ws://localhost:5173/' failed: Error in connection establishment: net::ERR_CONNECTION_REFUSED @ http://localhost:5173/@vite/client:1034
[ 5337523ms] [ERROR] WebSocket connection to 'ws://localhost:5173/' failed: Error in connection establishment: net::ERR_CONNECTION_REFUSED @ http://localhost:5173/@vite/client:1034
[ 5341349ms] [ERROR] WebSocket connection to 'ws://localhost:5173/' failed: Error in connection establishment: net::ERR_CONNECTION_REFUSED @ http://localhost:5173/@vite/client:1034
[ 5343734ms] [ERROR] WebSocket connection to 'ws://localhost:5173/' failed: Error in connection establishment: net::ERR_CONNECTION_REFUSED @ http://localhost:5173/@vite/client:1034
[ 5346338ms] [ERROR] WebSocket connection to 'ws://localhost:5173/' failed: Error in connection establishment: net::ERR_CONNECTION_REFUSED @ http://localhost:5173/@vite/client:1034
[ 5348730ms] [ERROR] WebSocket connection to 'ws://localhost:5173/' failed: Error in connection establishment: net::ERR_CONNECTION_REFUSED @ http://localhost:5173/@vite/client:1034
[ 5353719ms] [ERROR] WebSocket connection to 'ws://localhost:5173/' failed: Error in connection establishment: net::ERR_CONNECTION_REFUSED @ http://localhost:5173/@vite/client:1034
[ 5356258ms] [ERROR] WebSocket connection to 'ws://localhost:5173/' failed: Error in connection establishment: net::ERR_CONNECTION_REFUSED @ http://localhost:5173/@vite/client:1034
[ 5358588ms] [ERROR] WebSocket connection to 'ws://localhost:5173/' failed: Error in connection establishment: net::ERR_CONNECTION_REFUSED @ http://localhost:5173/@vite/client:1034
[ 5364291ms] [ERROR] WebSocket connection to 'ws://localhost:5173/' failed: Error in connection establishment: net::ERR_CONNECTION_REFUSED @ http://localhost:5173/@vite/client:1034
[ 5367678ms] [ERROR] WebSocket connection to 'ws://localhost:5173/' failed: Error in connection establishment: net::ERR_CONNECTION_REFUSED @ http://localhost:5173/@vite/client:1034
[ 5373230ms] [ERROR] WebSocket connection to 'ws://localhost:5173/' failed: Error in connection establishment: net::ERR_CONNECTION_REFUSED @ http://localhost:5173/@vite/client:1034
[ 5375721ms] [ERROR] WebSocket connection to 'ws://localhost:5173/' failed: Error in connection establishment: net::ERR_CONNECTION_REFUSED @ http://localhost:5173/@vite/client:1034
[ 5378030ms] [ERROR] WebSocket connection to 'ws://localhost:5173/' failed: Error in connection establishment: net::ERR_CONNECTION_REFUSED @ http://localhost:5173/@vite/client:1034
[ 5381830ms] [ERROR] WebSocket connection to 'ws://localhost:5173/' failed: Error in connection establishment: net::ERR_CONNECTION_REFUSED @ http://localhost:5173/@vite/client:1034
[ 5387129ms] [ERROR] WebSocket connection to 'ws://localhost:5173/' failed: Error in connection establishment: net::ERR_CONNECTION_REFUSED @ http://localhost:5173/@vite/client:1034
[ 5389733ms] [ERROR] WebSocket connection to 'ws://localhost:5173/' failed: Error in connection establishment: net::ERR_CONNECTION_REFUSED @ http://localhost:5173/@vite/client:1034
[ 5391758ms] [ERROR] WebSocket connection to 'ws://localhost:5173/' failed: Error in connection establishment: net::ERR_CONNECTION_REFUSED @ http://localhost:5173/@vite/client:1034
[ 5396939ms] [ERROR] WebSocket connection to 'ws://localhost:5173/' failed: Error in connection establishment: net::ERR_CONNECTION_REFUSED @ http://localhost:5173/@vite/client:1034
[ 5401213ms] [ERROR] WebSocket connection to 'ws://localhost:5173/' failed: Error in connection establishment: net::ERR_CONNECTION_REFUSED @ http://localhost:5173/@vite/client:1034
