[ 3480279ms] [ERROR] Failed to load resource: the server responded with a status of 401 () @ https://app.wizscheduler.com/api/v1/billing/usage:0
[ 3540269ms] [ERROR] Failed to load resource: the server responded with a status of 401 () @ https://app.wizscheduler.com/api/v1/billing/usage:0
[ 3600268ms] [ERROR] Failed to load resource: the server responded with a status of 401 () @ https://app.wizscheduler.com/api/v1/billing/usage:0
[ 3660396ms] [ERROR] Failed to load resource: the server responded with a status of 401 () @ https://app.wizscheduler.com/api/v1/billing/usage:0
[ 3720264ms] [ERROR] Failed to load resource: the server responded with a status of 401 () @ https://app.wizscheduler.com/api/v1/billing/usage:0
[ 3780267ms] [ERROR] Failed to load resource: the server responded with a status of 401 () @ https://app.wizscheduler.com/api/v1/billing/usage:0
[ 3860503ms] [ERROR] Failed to load resource: net::ERR_NETWORK_CHANGED @ https://app.wizscheduler.com/api/v1/billing/usage:0
[ 3900236ms] [ERROR] Failed to load resource: net::ERR_INTERNET_DISCONNECTED @ https://app.wizscheduler.com/api/v1/billing/usage:0
[ 3960230ms] [ERROR] Failed to load resource: net::ERR_INTERNET_DISCONNECTED @ https://app.wizscheduler.com/api/v1/billing/usage:0
[ 4020225ms] [ERROR] Failed to load resource: net::ERR_INTERNET_DISCONNECTED @ https://app.wizscheduler.com/api/v1/billing/usage:0
[ 4080230ms] [ERROR] Failed to load resource: net::ERR_INTERNET_DISCONNECTED @ https://app.wizscheduler.com/api/v1/billing/usage:0
[ 4140414ms] [ERROR] Failed to load resource: the server responded with a status of 401 () @ https://app.wizscheduler.com/api/v1/billing/usage:0
[ 4200270ms] [ERROR] Failed to load resource: the server responded with a status of 401 () @ https://app.wizscheduler.com/api/v1/billing/usage:0
[ 4260275ms] [ERROR] Failed to load resource: the server responded with a status of 401 () @ https://app.wizscheduler.com/api/v1/billing/usage:0
[ 4320266ms] [ERROR] Failed to load resource: the server responded with a status of 401 () @ https://app.wizscheduler.com/api/v1/billing/usage:0
[ 4380295ms] [ERROR] Failed to load resource: the server responded with a status of 401 () @ https://app.wizscheduler.com/api/v1/billing/usage:0
[ 4440269ms] [ERROR] Failed to load resource: the server responded with a status of 401 () @ https://app.wizscheduler.com/api/v1/billing/usage:0
[ 4500266ms] [ERROR] Failed to load resource: the server responded with a status of 401 () @ https://app.wizscheduler.com/api/v1/billing/usage:0
[ 4560275ms] [ERROR] Failed to load resource: the server responded with a status of 401 () @ https://app.wizscheduler.com/api/v1/billing/usage:0
[ 4620542ms] [ERROR] Failed to load resource: the server responded with a status of 401 () @ https://app.wizscheduler.com/api/v1/billing/usage:0
[ 4680409ms] [ERROR] Failed to load resource: the server responded with a status of 401 () @ https://app.wizscheduler.com/api/v1/billing/usage:0
[ 4740262ms] [ERROR] Failed to load resource: net::ERR_INTERNET_DISCONNECTED @ https://app.wizscheduler.com/api/v1/billing/usage:0
[ 4800253ms] [ERROR] Failed to load resource: net::ERR_INTERNET_DISCONNECTED @ https://app.wizscheduler.com/api/v1/billing/usage:0
[ 4860255ms] [ERROR] Failed to load resource: net::ERR_INTERNET_DISCONNECTED @ https://app.wizscheduler.com/api/v1/billing/usage:0
[ 4920837ms] [ERROR] Failed to load resource: the server responded with a status of 401 () @ https://app.wizscheduler.com/api/v1/billing/usage:0
[ 4980288ms] [ERROR] Failed to load resource: the server responded with a status of 401 () @ https://app.wizscheduler.com/api/v1/billing/usage:0
[ 5040302ms] [ERROR] Failed to load resource: the server responded with a status of 401 () @ https://app.wizscheduler.com/api/v1/billing/usage:0
[ 5100392ms] [ERROR] Failed to load resource: the server responded with a status of 401 () @ https://app.wizscheduler.com/api/v1/billing/usage:0
[ 5160354ms] [ERROR] Failed to load resource: the server responded with a status of 401 () @ https://app.wizscheduler.com/api/v1/billing/usage:0
[ 5220311ms] [ERROR] Failed to load resource: the server responded with a status of 401 () @ https://app.wizscheduler.com/api/v1/billing/usage:0
[ 5280297ms] [ERROR] Failed to load resource: the server responded with a status of 401 () @ https://app.wizscheduler.com/api/v1/billing/usage:0
[ 5340316ms] [ERROR] Failed to load resource: the server responded with a status of 401 () @ https://app.wizscheduler.com/api/v1/billing/usage:0
[ 5400297ms] [ERROR] Failed to load resource: the server responded with a status of 401 () @ https://app.wizscheduler.com/api/v1/billing/usage:0
[ 5461570ms] [ERROR] Failed to load resource: net::ERR_NETWORK_CHANGED @ https://app.wizscheduler.com/api/v1/billing/usage:0
[ 5520253ms] [ERROR] Failed to load resource: net::ERR_INTERNET_DISCONNECTED @ https://app.wizscheduler.com/api/v1/billing/usage:0
[ 5580253ms] [ERROR] Failed to load resource: net::ERR_INTERNET_DISCONNECTED @ https://app.wizscheduler.com/api/v1/billing/usage:0
[ 5640407ms] [ERROR] Failed to load resource: the server responded with a status of 401 () @ https://app.wizscheduler.com/api/v1/billing/usage:0
[ 5700503ms] [ERROR] Failed to load resource: the server responded with a status of 401 () @ https://app.wizscheduler.com/api/v1/billing/usage:0
[ 5760297ms] [ERROR] Failed to load resource: the server responded with a status of 401 () @ https://app.wizscheduler.com/api/v1/billing/usage:0
[ 5820295ms] [ERROR] Failed to load resource: the server responded with a status of 401 () @ https://app.wizscheduler.com/api/v1/billing/usage:0
[ 5880298ms] [ERROR] Failed to load resource: the server responded with a status of 401 () @ https://app.wizscheduler.com/api/v1/billing/usage:0
[ 5940296ms] [ERROR] Failed to load resource: the server responded with a status of 401 () @ https://app.wizscheduler.com/api/v1/billing/usage:0
[ 6000346ms] [ERROR] Failed to load resource: the server responded with a status of 401 () @ https://app.wizscheduler.com/api/v1/billing/usage:0
[ 6060295ms] [ERROR] Failed to load resource: the server responded with a status of 401 () @ https://app.wizscheduler.com/api/v1/billing/usage:0
[ 6120359ms] [ERROR] Failed to load resource: the server responded with a status of 401 () @ https://app.wizscheduler.com/api/v1/billing/usage:0
[ 6180296ms] [ERROR] Failed to load resource: the server responded with a status of 401 () @ https://app.wizscheduler.com/api/v1/billing/usage:0
[ 6240255ms] [ERROR] Failed to load resource: net::ERR_INTERNET_DISCONNECTED @ https://app.wizscheduler.com/api/v1/billing/usage:0
[ 6300254ms] [ERROR] Failed to load resource: net::ERR_INTERNET_DISCONNECTED @ https://app.wizscheduler.com/api/v1/billing/usage:0
[ 6360254ms] [ERROR] Failed to load resource: net::ERR_INTERNET_DISCONNECTED @ https://app.wizscheduler.com/api/v1/billing/usage:0
[ 6420253ms] [ERROR] Failed to load resource: net::ERR_INTERNET_DISCONNECTED @ https://app.wizscheduler.com/api/v1/billing/usage:0
[ 6480381ms] [ERROR] Failed to load resource: the server responded with a status of 401 () @ https://app.wizscheduler.com/api/v1/billing/usage:0
[ 6540659ms] [ERROR] Failed to load resource: the server responded with a status of 401 () @ https://app.wizscheduler.com/api/v1/billing/usage:0
[ 6600298ms] [ERROR] Failed to load resource: the server responded with a status of 401 () @ https://app.wizscheduler.com/api/v1/billing/usage:0
[ 6660873ms] [ERROR] Failed to load resource: the server responded with a status of 401 () @ https://app.wizscheduler.com/api/v1/billing/usage:0
[ 6720293ms] [ERROR] Failed to load resource: the server responded with a status of 401 () @ https://app.wizscheduler.com/api/v1/billing/usage:0
[ 6780299ms] [ERROR] Failed to load resource: the server responded with a status of 401 () @ https://app.wizscheduler.com/api/v1/billing/usage:0
[ 6840385ms] [ERROR] Failed to load resource: the server responded with a status of 401 () @ https://app.wizscheduler.com/api/v1/billing/usage:0
[ 6900291ms] [ERROR] Failed to load resource: the server responded with a status of 401 () @ https://app.wizscheduler.com/api/v1/billing/usage:0
[ 6960307ms] [ERROR] Failed to load resource: the server responded with a status of 401 () @ https://app.wizscheduler.com/api/v1/billing/usage:0
[ 7020294ms] [ERROR] Failed to load resource: the server responded with a status of 401 () @ https://app.wizscheduler.com/api/v1/billing/usage:0
[ 7080254ms] [ERROR] Failed to load resource: net::ERR_INTERNET_DISCONNECTED @ https://app.wizscheduler.com/api/v1/billing/usage:0
[ 7140255ms] [ERROR] Failed to load resource: net::ERR_INTERNET_DISCONNECTED @ https://app.wizscheduler.com/api/v1/billing/usage:0
[ 7200255ms] [ERROR] Failed to load resource: net::ERR_INTERNET_DISCONNECTED @ https://app.wizscheduler.com/api/v1/billing/usage:0
[ 7260580ms] [ERROR] Failed to load resource: the server responded with a status of 401 () @ https://app.wizscheduler.com/api/v1/billing/usage:0
[ 7320292ms] [ERROR] Failed to load resource: the server responded with a status of 401 () @ https://app.wizscheduler.com/api/v1/billing/usage:0
[ 7380758ms] [ERROR] Failed to load resource: the server responded with a status of 401 () @ https://app.wizscheduler.com/api/v1/billing/usage:0
[ 7440297ms] [ERROR] Failed to load resource: the server responded with a status of 401 () @ https://app.wizscheduler.com/api/v1/billing/usage:0
[ 7500297ms] [ERROR] Failed to load resource: the server responded with a status of 401 () @ https://app.wizscheduler.com/api/v1/billing/usage:0
[ 7560415ms] [ERROR] Failed to load resource: the server responded with a status of 401 () @ https://app.wizscheduler.com/api/v1/billing/usage:0
[ 7620294ms] [ERROR] Failed to load resource: the server responded with a status of 401 () @ https://app.wizscheduler.com/api/v1/billing/usage:0
[ 7680346ms] [ERROR] Failed to load resource: the server responded with a status of 401 () @ https://app.wizscheduler.com/api/v1/billing/usage:0
[ 7740305ms] [ERROR] Failed to load resource: the server responded with a status of 401 () @ https://app.wizscheduler.com/api/v1/billing/usage:0
[ 7804474ms] [ERROR] Failed to load resource: net::ERR_NETWORK_CHANGED @ https://app.wizscheduler.com/api/v1/billing/usage:0
[ 7860255ms] [ERROR] Failed to load resource: net::ERR_INTERNET_DISCONNECTED @ https://app.wizscheduler.com/api/v1/billing/usage:0
[ 7920254ms] [ERROR] Failed to load resource: net::ERR_INTERNET_DISCONNECTED @ https://app.wizscheduler.com/api/v1/billing/usage:0
[ 7980253ms] [ERROR] Failed to load resource: net::ERR_INTERNET_DISCONNECTED @ https://app.wizscheduler.com/api/v1/billing/usage:0
[ 8040255ms] [ERROR] Failed to load resource: net::ERR_INTERNET_DISCONNECTED @ https://app.wizscheduler.com/api/v1/billing/usage:0
[ 8100272ms] [ERROR] Failed to load resource: net::ERR_NAME_NOT_RESOLVED @ https://app.wizscheduler.com/api/v1/billing/usage:0
[ 8160354ms] [ERROR] Failed to load resource: the server responded with a status of 401 () @ https://app.wizscheduler.com/api/v1/billing/usage:0
[ 8220359ms] [ERROR] Failed to load resource: the server responded with a status of 401 () @ https://app.wizscheduler.com/api/v1/billing/usage:0
[ 8280297ms] [ERROR] Failed to load resource: the server responded with a status of 401 () @ https://app.wizscheduler.com/api/v1/billing/usage:0
[ 8340301ms] [ERROR] Failed to load resource: the server responded with a status of 401 () @ https://app.wizscheduler.com/api/v1/billing/usage:0
[ 8400350ms] [ERROR] Failed to load resource: the server responded with a status of 401 () @ https://app.wizscheduler.com/api/v1/billing/usage:0
[ 8460299ms] [ERROR] Failed to load resource: the server responded with a status of 401 () @ https://app.wizscheduler.com/api/v1/billing/usage:0
[ 8520333ms] [ERROR] Failed to load resource: the server responded with a status of 401 () @ https://app.wizscheduler.com/api/v1/billing/usage:0
[ 8580303ms] [ERROR] Failed to load resource: the server responded with a status of 401 () @ https://app.wizscheduler.com/api/v1/billing/usage:0
[ 8640298ms] [ERROR] Failed to load resource: the server responded with a status of 401 () @ https://app.wizscheduler.com/api/v1/billing/usage:0
[ 8725687ms] [ERROR] Failed to load resource: net::ERR_NETWORK_CHANGED @ https://app.wizscheduler.com/api/v1/billing/usage:0
[ 8760256ms] [ERROR] Failed to load resource: net::ERR_INTERNET_DISCONNECTED @ https://app.wizscheduler.com/api/v1/billing/usage:0
[ 8820257ms] [ERROR] Failed to load resource: net::ERR_INTERNET_DISCONNECTED @ https://app.wizscheduler.com/api/v1/billing/usage:0
[ 8880430ms] [ERROR] Failed to load resource: the server responded with a status of 401 () @ https://app.wizscheduler.com/api/v1/billing/usage:0
[ 8940298ms] [ERROR] Failed to load resource: the server responded with a status of 401 () @ https://app.wizscheduler.com/api/v1/billing/usage:0
[ 9000325ms] [ERROR] Failed to load resource: the server responded with a status of 401 () @ https://app.wizscheduler.com/api/v1/billing/usage:0
[ 9060300ms] [ERROR] Failed to load resource: the server responded with a status of 401 () @ https://app.wizscheduler.com/api/v1/billing/usage:0
[ 9120298ms] [ERROR] Failed to load resource: the server responded with a status of 401 () @ https://app.wizscheduler.com/api/v1/billing/usage:0
[ 9180303ms] [ERROR] Failed to load resource: the server responded with a status of 401 () @ https://app.wizscheduler.com/api/v1/billing/usage:0
[ 9240310ms] [ERROR] Failed to load resource: the server responded with a status of 401 () @ https://app.wizscheduler.com/api/v1/billing/usage:0
[ 9300325ms] [ERROR] Failed to load resource: the server responded with a status of 401 () @ https://app.wizscheduler.com/api/v1/billing/usage:0
[ 9360321ms] [ERROR] Failed to load resource: the server responded with a status of 401 () @ https://app.wizscheduler.com/api/v1/billing/usage:0
[ 9420319ms] [ERROR] Failed to load resource: the server responded with a status of 401 () @ https://app.wizscheduler.com/api/v1/billing/usage:0
[ 9480281ms] [ERROR] Failed to load resource: net::ERR_INTERNET_DISCONNECTED @ https://app.wizscheduler.com/api/v1/billing/usage:0
[ 9540282ms] [ERROR] Failed to load resource: net::ERR_INTERNET_DISCONNECTED @ https://app.wizscheduler.com/api/v1/billing/usage:0
[ 9600282ms] [ERROR] Failed to load resource: net::ERR_INTERNET_DISCONNECTED @ https://app.wizscheduler.com/api/v1/billing/usage:0
[ 9660283ms] [ERROR] Failed to load resource: net::ERR_INTERNET_DISCONNECTED @ https://app.wizscheduler.com/api/v1/billing/usage:0
[ 9720282ms] [ERROR] Failed to load resource: net::ERR_INTERNET_DISCONNECTED @ https://app.wizscheduler.com/api/v1/billing/usage:0
[ 9780596ms] [ERROR] Failed to load resource: the server responded with a status of 401 () @ https://app.wizscheduler.com/api/v1/billing/usage:0
[ 9840324ms] [ERROR] Failed to load resource: the server responded with a status of 401 () @ https://app.wizscheduler.com/api/v1/billing/usage:0
[ 9900772ms] [ERROR] Failed to load resource: the server responded with a status of 401 () @ https://app.wizscheduler.com/api/v1/billing/usage:0
[ 9960327ms] [ERROR] Failed to load resource: the server responded with a status of 401 () @ https://app.wizscheduler.com/api/v1/billing/usage:0
[10020333ms] [ERROR] Failed to load resource: the server responded with a status of 401 () @ https://app.wizscheduler.com/api/v1/billing/usage:0
[10080333ms] [ERROR] Failed to load resource: the server responded with a status of 401 () @ https://app.wizscheduler.com/api/v1/billing/usage:0
[10140325ms] [ERROR] Failed to load resource: the server responded with a status of 401 () @ https://app.wizscheduler.com/api/v1/billing/usage:0
[10200381ms] [ERROR] Failed to load resource: the server responded with a status of 401 () @ https://app.wizscheduler.com/api/v1/billing/usage:0
[10260332ms] [ERROR] Failed to load resource: the server responded with a status of 401 () @ https://app.wizscheduler.com/api/v1/billing/usage:0
[10320323ms] [ERROR] Failed to load resource: the server responded with a status of 401 () @ https://app.wizscheduler.com/api/v1/billing/usage:0
[10380286ms] [ERROR] Failed to load resource: net::ERR_INTERNET_DISCONNECTED @ https://app.wizscheduler.com/api/v1/billing/usage:0
[10440288ms] [ERROR] Failed to load resource: net::ERR_INTERNET_DISCONNECTED @ https://app.wizscheduler.com/api/v1/billing/usage:0
[10500287ms] [ERROR] Failed to load resource: net::ERR_INTERNET_DISCONNECTED @ https://app.wizscheduler.com/api/v1/billing/usage:0
[10560429ms] [ERROR] Failed to load resource: the server responded with a status of 401 () @ https://app.wizscheduler.com/api/v1/billing/usage:0
[10620338ms] [ERROR] Failed to load resource: the server responded with a status of 401 () @ https://app.wizscheduler.com/api/v1/billing/usage:0
[10680439ms] [ERROR] Failed to load resource: the server responded with a status of 401 () @ https://app.wizscheduler.com/api/v1/billing/usage:0
[10740334ms] [ERROR] Failed to load resource: the server responded with a status of 401 () @ https://app.wizscheduler.com/api/v1/billing/usage:0
[10800681ms] [ERROR] Failed to load resource: the server responded with a status of 401 () @ https://app.wizscheduler.com/api/v1/billing/usage:0
[10860338ms] [ERROR] Failed to load resource: the server responded with a status of 401 () @ https://app.wizscheduler.com/api/v1/billing/usage:0
[10920677ms] [ERROR] Failed to load resource: the server responded with a status of 401 () @ https://app.wizscheduler.com/api/v1/billing/usage:0
[10980330ms] [ERROR] Failed to load resource: the server responded with a status of 401 () @ https://app.wizscheduler.com/api/v1/billing/usage:0
[11040337ms] [ERROR] Failed to load resource: the server responded with a status of 401 () @ https://app.wizscheduler.com/api/v1/billing/usage:0
[11106539ms] [ERROR] Failed to load resource: net::ERR_NETWORK_CHANGED @ https://app.wizscheduler.com/api/v1/billing/usage:0
[11160291ms] [ERROR] Failed to load resource: net::ERR_INTERNET_DISCONNECTED @ https://app.wizscheduler.com/api/v1/billing/usage:0
[11220292ms] [ERROR] Failed to load resource: net::ERR_INTERNET_DISCONNECTED @ https://app.wizscheduler.com/api/v1/billing/usage:0
[11280292ms] [ERROR] Failed to load resource: net::ERR_INTERNET_DISCONNECTED @ https://app.wizscheduler.com/api/v1/billing/usage:0
[11340293ms] [ERROR] Failed to load resource: net::ERR_INTERNET_DISCONNECTED @ https://app.wizscheduler.com/api/v1/billing/usage:0
[11400293ms] [ERROR] Failed to load resource: net::ERR_INTERNET_DISCONNECTED @ https://app.wizscheduler.com/api/v1/billing/usage:0
[11460294ms] [ERROR] Failed to load resource: net::ERR_INTERNET_DISCONNECTED @ https://app.wizscheduler.com/api/v1/billing/usage:0
[11520294ms] [ERROR] Failed to load resource: net::ERR_INTERNET_DISCONNECTED @ https://app.wizscheduler.com/api/v1/billing/usage:0
[11580296ms] [ERROR] Failed to load resource: net::ERR_INTERNET_DISCONNECTED @ https://app.wizscheduler.com/api/v1/billing/usage:0
[11640737ms] [ERROR] Failed to load resource: the server responded with a status of 401 () @ https://app.wizscheduler.com/api/v1/billing/usage:0
[11701049ms] [ERROR] Failed to load resource: the server responded with a status of 401 () @ https://app.wizscheduler.com/api/v1/billing/usage:0
[11760335ms] [ERROR] Failed to load resource: the server responded with a status of 401 () @ https://app.wizscheduler.com/api/v1/billing/usage:0
[11820338ms] [ERROR] Failed to load resource: the server responded with a status of 401 () @ https://app.wizscheduler.com/api/v1/billing/usage:0
[11880676ms] [ERROR] Failed to load resource: the server responded with a status of 401 () @ https://app.wizscheduler.com/api/v1/billing/usage:0
[11940338ms] [ERROR] Failed to load resource: the server responded with a status of 401 () @ https://app.wizscheduler.com/api/v1/billing/usage:0
[12000448ms] [ERROR] Failed to load resource: the server responded with a status of 401 () @ https://app.wizscheduler.com/api/v1/billing/usage:0
[12060354ms] [ERROR] Failed to load resource: the server responded with a status of 401 () @ https://app.wizscheduler.com/api/v1/billing/usage:0
[12120334ms] [ERROR] Failed to load resource: the server responded with a status of 401 () @ https://app.wizscheduler.com/api/v1/billing/usage:0
[12180343ms] [ERROR] Failed to load resource: the server responded with a status of 401 () @ https://app.wizscheduler.com/api/v1/billing/usage:0
[12240301ms] [ERROR] Failed to load resource: net::ERR_INTERNET_DISCONNECTED @ https://app.wizscheduler.com/api/v1/billing/usage:0
[12300297ms] [ERROR] Failed to load resource: net::ERR_INTERNET_DISCONNECTED @ https://app.wizscheduler.com/api/v1/billing/usage:0
[12360301ms] [ERROR] Failed to load resource: net::ERR_INTERNET_DISCONNECTED @ https://app.wizscheduler.com/api/v1/billing/usage:0
[12420300ms] [ERROR] Failed to load resource: net::ERR_INTERNET_DISCONNECTED @ https://app.wizscheduler.com/api/v1/billing/usage:0
[12480301ms] [ERROR] Failed to load resource: net::ERR_INTERNET_DISCONNECTED @ https://app.wizscheduler.com/api/v1/billing/usage:0
[12540500ms] [ERROR] Failed to load resource: the server responded with a status of 401 () @ https://app.wizscheduler.com/api/v1/billing/usage:0
[12600346ms] [ERROR] Failed to load resource: the server responded with a status of 401 () @ https://app.wizscheduler.com/api/v1/billing/usage:0
[12660426ms] [ERROR] Failed to load resource: the server responded with a status of 401 () @ https://app.wizscheduler.com/api/v1/billing/usage:0
[12720353ms] [ERROR] Failed to load resource: the server responded with a status of 401 () @ https://app.wizscheduler.com/api/v1/billing/usage:0
[12780422ms] [ERROR] Failed to load resource: the server responded with a status of 401 () @ https://app.wizscheduler.com/api/v1/billing/usage:0
[12840344ms] [ERROR] Failed to load resource: the server responded with a status of 401 () @ https://app.wizscheduler.com/api/v1/billing/usage:0
[12900345ms] [ERROR] Failed to load resource: the server responded with a status of 401 () @ https://app.wizscheduler.com/api/v1/billing/usage:0
[12960344ms] [ERROR] Failed to load resource: the server responded with a status of 401 () @ https://app.wizscheduler.com/api/v1/billing/usage:0
[13020364ms] [ERROR] Failed to load resource: the server responded with a status of 401 () @ https://app.wizscheduler.com/api/v1/billing/usage:0
[13080416ms] [ERROR] Failed to load resource: the server responded with a status of 401 () @ https://app.wizscheduler.com/api/v1/billing/usage:0
[13140305ms] [ERROR] Failed to load resource: net::ERR_INTERNET_DISCONNECTED @ https://app.wizscheduler.com/api/v1/billing/usage:0
[13200305ms] [ERROR] Failed to load resource: net::ERR_INTERNET_DISCONNECTED @ https://app.wizscheduler.com/api/v1/billing/usage:0
[13260303ms] [ERROR] Failed to load resource: net::ERR_INTERNET_DISCONNECTED @ https://app.wizscheduler.com/api/v1/billing/usage:0
[13320306ms] [ERROR] Failed to load resource: net::ERR_INTERNET_DISCONNECTED @ https://app.wizscheduler.com/api/v1/billing/usage:0
[13380304ms] [ERROR] Failed to load resource: net::ERR_INTERNET_DISCONNECTED @ https://app.wizscheduler.com/api/v1/billing/usage:0
[13440303ms] [ERROR] Failed to load resource: net::ERR_INTERNET_DISCONNECTED @ https://app.wizscheduler.com/api/v1/billing/usage:0
[13500307ms] [ERROR] Failed to load resource: net::ERR_INTERNET_DISCONNECTED @ https://app.wizscheduler.com/api/v1/billing/usage:0
[13560307ms] [ERROR] Failed to load resource: net::ERR_INTERNET_DISCONNECTED @ https://app.wizscheduler.com/api/v1/billing/usage:0
[13620308ms] [ERROR] Failed to load resource: net::ERR_INTERNET_DISCONNECTED @ https://app.wizscheduler.com/api/v1/billing/usage:0
[13680307ms] [ERROR] Failed to load resource: net::ERR_INTERNET_DISCONNECTED @ https://app.wizscheduler.com/api/v1/billing/usage:0
[13740308ms] [ERROR] Failed to load resource: net::ERR_INTERNET_DISCONNECTED @ https://app.wizscheduler.com/api/v1/billing/usage:0
[13800309ms] [ERROR] Failed to load resource: net::ERR_INTERNET_DISCONNECTED @ https://app.wizscheduler.com/api/v1/billing/usage:0
[13860311ms] [ERROR] Failed to load resource: net::ERR_INTERNET_DISCONNECTED @ https://app.wizscheduler.com/api/v1/billing/usage:0
[13920306ms] [ERROR] Failed to load resource: net::ERR_INTERNET_DISCONNECTED @ https://app.wizscheduler.com/api/v1/billing/usage:0
[13980311ms] [ERROR] Failed to load resource: net::ERR_INTERNET_DISCONNECTED @ https://app.wizscheduler.com/api/v1/billing/usage:0
[14040312ms] [ERROR] Failed to load resource: net::ERR_INTERNET_DISCONNECTED @ https://app.wizscheduler.com/api/v1/billing/usage:0
[14100311ms] [ERROR] Failed to load resource: net::ERR_INTERNET_DISCONNECTED @ https://app.wizscheduler.com/api/v1/billing/usage:0
[14160312ms] [ERROR] Failed to load resource: net::ERR_INTERNET_DISCONNECTED @ https://app.wizscheduler.com/api/v1/billing/usage:0
[14220312ms] [ERROR] Failed to load resource: net::ERR_INTERNET_DISCONNECTED @ https://app.wizscheduler.com/api/v1/billing/usage:0
[14280312ms] [ERROR] Failed to load resource: net::ERR_INTERNET_DISCONNECTED @ https://app.wizscheduler.com/api/v1/billing/usage:0
[14340309ms] [ERROR] Failed to load resource: net::ERR_INTERNET_DISCONNECTED @ https://app.wizscheduler.com/api/v1/billing/usage:0
[14400315ms] [ERROR] Failed to load resource: net::ERR_INTERNET_DISCONNECTED @ https://app.wizscheduler.com/api/v1/billing/usage:0
[14460319ms] [ERROR] Failed to load resource: net::ERR_INTERNET_DISCONNECTED @ https://app.wizscheduler.com/api/v1/billing/usage:0
[14520314ms] [ERROR] Failed to load resource: net::ERR_INTERNET_DISCONNECTED @ https://app.wizscheduler.com/api/v1/billing/usage:0
[14580312ms] [ERROR] Failed to load resource: net::ERR_INTERNET_DISCONNECTED @ https://app.wizscheduler.com/api/v1/billing/usage:0
[14640314ms] [ERROR] Failed to load resource: net::ERR_INTERNET_DISCONNECTED @ https://app.wizscheduler.com/api/v1/billing/usage:0
[14700314ms] [ERROR] Failed to load resource: net::ERR_INTERNET_DISCONNECTED @ https://app.wizscheduler.com/api/v1/billing/usage:0
[14760311ms] [ERROR] Failed to load resource: net::ERR_INTERNET_DISCONNECTED @ https://app.wizscheduler.com/api/v1/billing/usage:0
[14820316ms] [ERROR] Failed to load resource: net::ERR_INTERNET_DISCONNECTED @ https://app.wizscheduler.com/api/v1/billing/usage:0
[14880315ms] [ERROR] Failed to load resource: net::ERR_INTERNET_DISCONNECTED @ https://app.wizscheduler.com/api/v1/billing/usage:0
[14940317ms] [ERROR] Failed to load resource: net::ERR_INTERNET_DISCONNECTED @ https://app.wizscheduler.com/api/v1/billing/usage:0
[15000316ms] [ERROR] Failed to load resource: net::ERR_INTERNET_DISCONNECTED @ https://app.wizscheduler.com/api/v1/billing/usage:0
[15060316ms] [ERROR] Failed to load resource: net::ERR_INTERNET_DISCONNECTED @ https://app.wizscheduler.com/api/v1/billing/usage:0
[15120318ms] [ERROR] Failed to load resource: net::ERR_INTERNET_DISCONNECTED @ https://app.wizscheduler.com/api/v1/billing/usage:0
[15180319ms] [ERROR] Failed to load resource: net::ERR_INTERNET_DISCONNECTED @ https://app.wizscheduler.com/api/v1/billing/usage:0
[15240318ms] [ERROR] Failed to load resource: net::ERR_INTERNET_DISCONNECTED @ https://app.wizscheduler.com/api/v1/billing/usage:0
[15300319ms] [ERROR] Failed to load resource: net::ERR_INTERNET_DISCONNECTED @ https://app.wizscheduler.com/api/v1/billing/usage:0
[15360319ms] [ERROR] Failed to load resource: net::ERR_INTERNET_DISCONNECTED @ https://app.wizscheduler.com/api/v1/billing/usage:0
[15420319ms] [ERROR] Failed to load resource: net::ERR_INTERNET_DISCONNECTED @ https://app.wizscheduler.com/api/v1/billing/usage:0
[15480319ms] [ERROR] Failed to load resource: net::ERR_INTERNET_DISCONNECTED @ https://app.wizscheduler.com/api/v1/billing/usage:0
[15540319ms] [ERROR] Failed to load resource: net::ERR_INTERNET_DISCONNECTED @ https://app.wizscheduler.com/api/v1/billing/usage:0
[15600321ms] [ERROR] Failed to load resource: net::ERR_INTERNET_DISCONNECTED @ https://app.wizscheduler.com/api/v1/billing/usage:0
[15660321ms] [ERROR] Failed to load resource: net::ERR_INTERNET_DISCONNECTED @ https://app.wizscheduler.com/api/v1/billing/usage:0
[15720320ms] [ERROR] Failed to load resource: net::ERR_INTERNET_DISCONNECTED @ https://app.wizscheduler.com/api/v1/billing/usage:0
[15780321ms] [ERROR] Failed to load resource: net::ERR_INTERNET_DISCONNECTED @ https://app.wizscheduler.com/api/v1/billing/usage:0
[15840322ms] [ERROR] Failed to load resource: net::ERR_INTERNET_DISCONNECTED @ https://app.wizscheduler.com/api/v1/billing/usage:0
[15900322ms] [ERROR] Failed to load resource: net::ERR_INTERNET_DISCONNECTED @ https://app.wizscheduler.com/api/v1/billing/usage:0
[15960322ms] [ERROR] Failed to load resource: net::ERR_INTERNET_DISCONNECTED @ https://app.wizscheduler.com/api/v1/billing/usage:0
[16020323ms] [ERROR] Failed to load resource: net::ERR_INTERNET_DISCONNECTED @ https://app.wizscheduler.com/api/v1/billing/usage:0
[16080324ms] [ERROR] Failed to load resource: net::ERR_INTERNET_DISCONNECTED @ https://app.wizscheduler.com/api/v1/billing/usage:0
[16140324ms] [ERROR] Failed to load resource: net::ERR_INTERNET_DISCONNECTED @ https://app.wizscheduler.com/api/v1/billing/usage:0
[16200324ms] [ERROR] Failed to load resource: net::ERR_INTERNET_DISCONNECTED @ https://app.wizscheduler.com/api/v1/billing/usage:0
[16260325ms] [ERROR] Failed to load resource: net::ERR_INTERNET_DISCONNECTED @ https://app.wizscheduler.com/api/v1/billing/usage:0
[16320325ms] [ERROR] Failed to load resource: net::ERR_INTERNET_DISCONNECTED @ https://app.wizscheduler.com/api/v1/billing/usage:0
[16380326ms] [ERROR] Failed to load resource: net::ERR_INTERNET_DISCONNECTED @ https://app.wizscheduler.com/api/v1/billing/usage:0
[16440323ms] [ERROR] Failed to load resource: net::ERR_INTERNET_DISCONNECTED @ https://app.wizscheduler.com/api/v1/billing/usage:0
[16500327ms] [ERROR] Failed to load resource: net::ERR_INTERNET_DISCONNECTED @ https://app.wizscheduler.com/api/v1/billing/usage:0
[16560327ms] [ERROR] Failed to load resource: net::ERR_INTERNET_DISCONNECTED @ https://app.wizscheduler.com/api/v1/billing/usage:0
[16620327ms] [ERROR] Failed to load resource: net::ERR_INTERNET_DISCONNECTED @ https://app.wizscheduler.com/api/v1/billing/usage:0
[16680325ms] [ERROR] Failed to load resource: net::ERR_INTERNET_DISCONNECTED @ https://app.wizscheduler.com/api/v1/billing/usage:0
[16740326ms] [ERROR] Failed to load resource: net::ERR_INTERNET_DISCONNECTED @ https://app.wizscheduler.com/api/v1/billing/usage:0
[16800326ms] [ERROR] Failed to load resource: net::ERR_INTERNET_DISCONNECTED @ https://app.wizscheduler.com/api/v1/billing/usage:0
[16860329ms] [ERROR] Failed to load resource: net::ERR_INTERNET_DISCONNECTED @ https://app.wizscheduler.com/api/v1/billing/usage:0
[16920330ms] [ERROR] Failed to load resource: net::ERR_INTERNET_DISCONNECTED @ https://app.wizscheduler.com/api/v1/billing/usage:0
[16980330ms] [ERROR] Failed to load resource: net::ERR_INTERNET_DISCONNECTED @ https://app.wizscheduler.com/api/v1/billing/usage:0
[17040328ms] [ERROR] Failed to load resource: net::ERR_INTERNET_DISCONNECTED @ https://app.wizscheduler.com/api/v1/billing/usage:0
[17100330ms] [ERROR] Failed to load resource: net::ERR_INTERNET_DISCONNECTED @ https://app.wizscheduler.com/api/v1/billing/usage:0
[17160331ms] [ERROR] Failed to load resource: net::ERR_INTERNET_DISCONNECTED @ https://app.wizscheduler.com/api/v1/billing/usage:0
[17220331ms] [ERROR] Failed to load resource: net::ERR_INTERNET_DISCONNECTED @ https://app.wizscheduler.com/api/v1/billing/usage:0
[17280331ms] [ERROR] Failed to load resource: net::ERR_INTERNET_DISCONNECTED @ https://app.wizscheduler.com/api/v1/billing/usage:0
[17340333ms] [ERROR] Failed to load resource: net::ERR_INTERNET_DISCONNECTED @ https://app.wizscheduler.com/api/v1/billing/usage:0
[17400333ms] [ERROR] Failed to load resource: net::ERR_INTERNET_DISCONNECTED @ https://app.wizscheduler.com/api/v1/billing/usage:0
[17460330ms] [ERROR] Failed to load resource: net::ERR_INTERNET_DISCONNECTED @ https://app.wizscheduler.com/api/v1/billing/usage:0
[17520333ms] [ERROR] Failed to load resource: net::ERR_INTERNET_DISCONNECTED @ https://app.wizscheduler.com/api/v1/billing/usage:0
[17580334ms] [ERROR] Failed to load resource: net::ERR_INTERNET_DISCONNECTED @ https://app.wizscheduler.com/api/v1/billing/usage:0
[17640332ms] [ERROR] Failed to load resource: net::ERR_INTERNET_DISCONNECTED @ https://app.wizscheduler.com/api/v1/billing/usage:0
[17700334ms] [ERROR] Failed to load resource: net::ERR_INTERNET_DISCONNECTED @ https://app.wizscheduler.com/api/v1/billing/usage:0
[17760335ms] [ERROR] Failed to load resource: net::ERR_INTERNET_DISCONNECTED @ https://app.wizscheduler.com/api/v1/billing/usage:0
[17820333ms] [ERROR] Failed to load resource: net::ERR_INTERNET_DISCONNECTED @ https://app.wizscheduler.com/api/v1/billing/usage:0
[17880334ms] [ERROR] Failed to load resource: net::ERR_INTERNET_DISCONNECTED @ https://app.wizscheduler.com/api/v1/billing/usage:0
[17940336ms] [ERROR] Failed to load resource: net::ERR_INTERNET_DISCONNECTED @ https://app.wizscheduler.com/api/v1/billing/usage:0
[18000341ms] [ERROR] Failed to load resource: net::ERR_INTERNET_DISCONNECTED @ https://app.wizscheduler.com/api/v1/billing/usage:0
[18060336ms] [ERROR] Failed to load resource: net::ERR_INTERNET_DISCONNECTED @ https://app.wizscheduler.com/api/v1/billing/usage:0
[18120335ms] [ERROR] Failed to load resource: net::ERR_INTERNET_DISCONNECTED @ https://app.wizscheduler.com/api/v1/billing/usage:0
[18180337ms] [ERROR] Failed to load resource: net::ERR_INTERNET_DISCONNECTED @ https://app.wizscheduler.com/api/v1/billing/usage:0
[18240336ms] [ERROR] Failed to load resource: net::ERR_INTERNET_DISCONNECTED @ https://app.wizscheduler.com/api/v1/billing/usage:0
[18300338ms] [ERROR] Failed to load resource: net::ERR_INTERNET_DISCONNECTED @ https://app.wizscheduler.com/api/v1/billing/usage:0
[18360339ms] [ERROR] Failed to load resource: net::ERR_INTERNET_DISCONNECTED @ https://app.wizscheduler.com/api/v1/billing/usage:0
[18420337ms] [ERROR] Failed to load resource: net::ERR_INTERNET_DISCONNECTED @ https://app.wizscheduler.com/api/v1/billing/usage:0
[18480340ms] [ERROR] Failed to load resource: net::ERR_INTERNET_DISCONNECTED @ https://app.wizscheduler.com/api/v1/billing/usage:0
[18540340ms] [ERROR] Failed to load resource: net::ERR_INTERNET_DISCONNECTED @ https://app.wizscheduler.com/api/v1/billing/usage:0
[18600341ms] [ERROR] Failed to load resource: net::ERR_INTERNET_DISCONNECTED @ https://app.wizscheduler.com/api/v1/billing/usage:0
[18660341ms] [ERROR] Failed to load resource: net::ERR_INTERNET_DISCONNECTED @ https://app.wizscheduler.com/api/v1/billing/usage:0
[18720341ms] [ERROR] Failed to load resource: net::ERR_INTERNET_DISCONNECTED @ https://app.wizscheduler.com/api/v1/billing/usage:0
[18780340ms] [ERROR] Failed to load resource: net::ERR_INTERNET_DISCONNECTED @ https://app.wizscheduler.com/api/v1/billing/usage:0
[18840345ms] [ERROR] Failed to load resource: net::ERR_INTERNET_DISCONNECTED @ https://app.wizscheduler.com/api/v1/billing/usage:0
[18900339ms] [ERROR] Failed to load resource: net::ERR_INTERNET_DISCONNECTED @ https://app.wizscheduler.com/api/v1/billing/usage:0
[18960340ms] [ERROR] Failed to load resource: net::ERR_INTERNET_DISCONNECTED @ https://app.wizscheduler.com/api/v1/billing/usage:0
[19020343ms] [ERROR] Failed to load resource: net::ERR_INTERNET_DISCONNECTED @ https://app.wizscheduler.com/api/v1/billing/usage:0
[19080346ms] [ERROR] Failed to load resource: net::ERR_INTERNET_DISCONNECTED @ https://app.wizscheduler.com/api/v1/billing/usage:0
[19140343ms] [ERROR] Failed to load resource: net::ERR_INTERNET_DISCONNECTED @ https://app.wizscheduler.com/api/v1/billing/usage:0
[19200343ms] [ERROR] Failed to load resource: net::ERR_INTERNET_DISCONNECTED @ https://app.wizscheduler.com/api/v1/billing/usage:0
[19260342ms] [ERROR] Failed to load resource: net::ERR_INTERNET_DISCONNECTED @ https://app.wizscheduler.com/api/v1/billing/usage:0
[19320344ms] [ERROR] Failed to load resource: net::ERR_INTERNET_DISCONNECTED @ https://app.wizscheduler.com/api/v1/billing/usage:0
[19380346ms] [ERROR] Failed to load resource: net::ERR_INTERNET_DISCONNECTED @ https://app.wizscheduler.com/api/v1/billing/usage:0
[19440346ms] [ERROR] Failed to load resource: net::ERR_INTERNET_DISCONNECTED @ https://app.wizscheduler.com/api/v1/billing/usage:0
[19500342ms] [ERROR] Failed to load resource: net::ERR_INTERNET_DISCONNECTED @ https://app.wizscheduler.com/api/v1/billing/usage:0
[19560346ms] [ERROR] Failed to load resource: net::ERR_INTERNET_DISCONNECTED @ https://app.wizscheduler.com/api/v1/billing/usage:0
[19620344ms] [ERROR] Failed to load resource: net::ERR_INTERNET_DISCONNECTED @ https://app.wizscheduler.com/api/v1/billing/usage:0
[19680344ms] [ERROR] Failed to load resource: net::ERR_INTERNET_DISCONNECTED @ https://app.wizscheduler.com/api/v1/billing/usage:0
[19740345ms] [ERROR] Failed to load resource: net::ERR_INTERNET_DISCONNECTED @ https://app.wizscheduler.com/api/v1/billing/usage:0
[19800346ms] [ERROR] Failed to load resource: net::ERR_INTERNET_DISCONNECTED @ https://app.wizscheduler.com/api/v1/billing/usage:0
[19860348ms] [ERROR] Failed to load resource: net::ERR_INTERNET_DISCONNECTED @ https://app.wizscheduler.com/api/v1/billing/usage:0
[19920348ms] [ERROR] Failed to load resource: net::ERR_INTERNET_DISCONNECTED @ https://app.wizscheduler.com/api/v1/billing/usage:0
[19980350ms] [ERROR] Failed to load resource: net::ERR_INTERNET_DISCONNECTED @ https://app.wizscheduler.com/api/v1/billing/usage:0
[20040348ms] [ERROR] Failed to load resource: net::ERR_INTERNET_DISCONNECTED @ https://app.wizscheduler.com/api/v1/billing/usage:0
[20100351ms] [ERROR] Failed to load resource: net::ERR_INTERNET_DISCONNECTED @ https://app.wizscheduler.com/api/v1/billing/usage:0
[20160350ms] [ERROR] Failed to load resource: net::ERR_INTERNET_DISCONNECTED @ https://app.wizscheduler.com/api/v1/billing/usage:0
[20220350ms] [ERROR] Failed to load resource: net::ERR_INTERNET_DISCONNECTED @ https://app.wizscheduler.com/api/v1/billing/usage:0
[20280352ms] [ERROR] Failed to load resource: net::ERR_INTERNET_DISCONNECTED @ https://app.wizscheduler.com/api/v1/billing/usage:0
[20340352ms] [ERROR] Failed to load resource: net::ERR_INTERNET_DISCONNECTED @ https://app.wizscheduler.com/api/v1/billing/usage:0
[20400351ms] [ERROR] Failed to load resource: net::ERR_INTERNET_DISCONNECTED @ https://app.wizscheduler.com/api/v1/billing/usage:0
[20460353ms] [ERROR] Failed to load resource: net::ERR_INTERNET_DISCONNECTED @ https://app.wizscheduler.com/api/v1/billing/usage:0
[20520353ms] [ERROR] Failed to load resource: net::ERR_INTERNET_DISCONNECTED @ https://app.wizscheduler.com/api/v1/billing/usage:0
[20580352ms] [ERROR] Failed to load resource: net::ERR_INTERNET_DISCONNECTED @ https://app.wizscheduler.com/api/v1/billing/usage:0
[20640353ms] [ERROR] Failed to load resource: net::ERR_INTERNET_DISCONNECTED @ https://app.wizscheduler.com/api/v1/billing/usage:0
[20700355ms] [ERROR] Failed to load resource: net::ERR_INTERNET_DISCONNECTED @ https://app.wizscheduler.com/api/v1/billing/usage:0
[20760354ms] [ERROR] Failed to load resource: net::ERR_INTERNET_DISCONNECTED @ https://app.wizscheduler.com/api/v1/billing/usage:0
[20820354ms] [ERROR] Failed to load resource: net::ERR_INTERNET_DISCONNECTED @ https://app.wizscheduler.com/api/v1/billing/usage:0
[20880355ms] [ERROR] Failed to load resource: net::ERR_INTERNET_DISCONNECTED @ https://app.wizscheduler.com/api/v1/billing/usage:0
[20940355ms] [ERROR] Failed to load resource: net::ERR_INTERNET_DISCONNECTED @ https://app.wizscheduler.com/api/v1/billing/usage:0
[21000356ms] [ERROR] Failed to load resource: net::ERR_INTERNET_DISCONNECTED @ https://app.wizscheduler.com/api/v1/billing/usage:0
[21060354ms] [ERROR] Failed to load resource: net::ERR_INTERNET_DISCONNECTED @ https://app.wizscheduler.com/api/v1/billing/usage:0
[21120358ms] [ERROR] Failed to load resource: net::ERR_INTERNET_DISCONNECTED @ https://app.wizscheduler.com/api/v1/billing/usage:0
[21180356ms] [ERROR] Failed to load resource: net::ERR_INTERNET_DISCONNECTED @ https://app.wizscheduler.com/api/v1/billing/usage:0
[21240355ms] [ERROR] Failed to load resource: net::ERR_INTERNET_DISCONNECTED @ https://app.wizscheduler.com/api/v1/billing/usage:0
[21300358ms] [ERROR] Failed to load resource: net::ERR_INTERNET_DISCONNECTED @ https://app.wizscheduler.com/api/v1/billing/usage:0
[21360358ms] [ERROR] Failed to load resource: net::ERR_INTERNET_DISCONNECTED @ https://app.wizscheduler.com/api/v1/billing/usage:0
[21420358ms] [ERROR] Failed to load resource: net::ERR_INTERNET_DISCONNECTED @ https://app.wizscheduler.com/api/v1/billing/usage:0
[21480359ms] [ERROR] Failed to load resource: net::ERR_INTERNET_DISCONNECTED @ https://app.wizscheduler.com/api/v1/billing/usage:0
[21540360ms] [ERROR] Failed to load resource: net::ERR_INTERNET_DISCONNECTED @ https://app.wizscheduler.com/api/v1/billing/usage:0
[21600360ms] [ERROR] Failed to load resource: net::ERR_INTERNET_DISCONNECTED @ https://app.wizscheduler.com/api/v1/billing/usage:0
[21660360ms] [ERROR] Failed to load resource: net::ERR_INTERNET_DISCONNECTED @ https://app.wizscheduler.com/api/v1/billing/usage:0
[21720360ms] [ERROR] Failed to load resource: net::ERR_INTERNET_DISCONNECTED @ https://app.wizscheduler.com/api/v1/billing/usage:0
[21780361ms] [ERROR] Failed to load resource: net::ERR_INTERNET_DISCONNECTED @ https://app.wizscheduler.com/api/v1/billing/usage:0
[21840360ms] [ERROR] Failed to load resource: net::ERR_INTERNET_DISCONNECTED @ https://app.wizscheduler.com/api/v1/billing/usage:0
[21900362ms] [ERROR] Failed to load resource: net::ERR_INTERNET_DISCONNECTED @ https://app.wizscheduler.com/api/v1/billing/usage:0
[21960362ms] [ERROR] Failed to load resource: net::ERR_INTERNET_DISCONNECTED @ https://app.wizscheduler.com/api/v1/billing/usage:0
[22020363ms] [ERROR] Failed to load resource: net::ERR_INTERNET_DISCONNECTED @ https://app.wizscheduler.com/api/v1/billing/usage:0
[22080363ms] [ERROR] Failed to load resource: net::ERR_INTERNET_DISCONNECTED @ https://app.wizscheduler.com/api/v1/billing/usage:0
[22140361ms] [ERROR] Failed to load resource: net::ERR_INTERNET_DISCONNECTED @ https://app.wizscheduler.com/api/v1/billing/usage:0
[22200362ms] [ERROR] Failed to load resource: net::ERR_INTERNET_DISCONNECTED @ https://app.wizscheduler.com/api/v1/billing/usage:0
[22260364ms] [ERROR] Failed to load resource: net::ERR_INTERNET_DISCONNECTED @ https://app.wizscheduler.com/api/v1/billing/usage:0
[22320364ms] [ERROR] Failed to load resource: net::ERR_INTERNET_DISCONNECTED @ https://app.wizscheduler.com/api/v1/billing/usage:0
[22380364ms] [ERROR] Failed to load resource: net::ERR_INTERNET_DISCONNECTED @ https://app.wizscheduler.com/api/v1/billing/usage:0
[22440365ms] [ERROR] Failed to load resource: net::ERR_INTERNET_DISCONNECTED @ https://app.wizscheduler.com/api/v1/billing/usage:0
[22500366ms] [ERROR] Failed to load resource: net::ERR_INTERNET_DISCONNECTED @ https://app.wizscheduler.com/api/v1/billing/usage:0
[22560366ms] [ERROR] Failed to load resource: net::ERR_INTERNET_DISCONNECTED @ https://app.wizscheduler.com/api/v1/billing/usage:0
[22620366ms] [ERROR] Failed to load resource: net::ERR_INTERNET_DISCONNECTED @ https://app.wizscheduler.com/api/v1/billing/usage:0
[22680367ms] [ERROR] Failed to load resource: net::ERR_INTERNET_DISCONNECTED @ https://app.wizscheduler.com/api/v1/billing/usage:0
[22740368ms] [ERROR] Failed to load resource: net::ERR_INTERNET_DISCONNECTED @ https://app.wizscheduler.com/api/v1/billing/usage:0
[22800368ms] [ERROR] Failed to load resource: net::ERR_INTERNET_DISCONNECTED @ https://app.wizscheduler.com/api/v1/billing/usage:0
[22860367ms] [ERROR] Failed to load resource: net::ERR_INTERNET_DISCONNECTED @ https://app.wizscheduler.com/api/v1/billing/usage:0
[22920369ms] [ERROR] Failed to load resource: net::ERR_INTERNET_DISCONNECTED @ https://app.wizscheduler.com/api/v1/billing/usage:0
[22980367ms] [ERROR] Failed to load resource: net::ERR_INTERNET_DISCONNECTED @ https://app.wizscheduler.com/api/v1/billing/usage:0
[23040369ms] [ERROR] Failed to load resource: net::ERR_INTERNET_DISCONNECTED @ https://app.wizscheduler.com/api/v1/billing/usage:0
[23100370ms] [ERROR] Failed to load resource: net::ERR_INTERNET_DISCONNECTED @ https://app.wizscheduler.com/api/v1/billing/usage:0
[23160367ms] [ERROR] Failed to load resource: net::ERR_INTERNET_DISCONNECTED @ https://app.wizscheduler.com/api/v1/billing/usage:0
[23220371ms] [ERROR] Failed to load resource: net::ERR_INTERNET_DISCONNECTED @ https://app.wizscheduler.com/api/v1/billing/usage:0
[23280370ms] [ERROR] Failed to load resource: net::ERR_INTERNET_DISCONNECTED @ https://app.wizscheduler.com/api/v1/billing/usage:0
[23340371ms] [ERROR] Failed to load resource: net::ERR_INTERNET_DISCONNECTED @ https://app.wizscheduler.com/api/v1/billing/usage:0
[23400372ms] [ERROR] Failed to load resource: net::ERR_INTERNET_DISCONNECTED @ https://app.wizscheduler.com/api/v1/billing/usage:0
[23460371ms] [ERROR] Failed to load resource: net::ERR_INTERNET_DISCONNECTED @ https://app.wizscheduler.com/api/v1/billing/usage:0
[23520371ms] [ERROR] Failed to load resource: net::ERR_INTERNET_DISCONNECTED @ https://app.wizscheduler.com/api/v1/billing/usage:0
[23580369ms] [ERROR] Failed to load resource: net::ERR_INTERNET_DISCONNECTED @ https://app.wizscheduler.com/api/v1/billing/usage:0
[23640372ms] [ERROR] Failed to load resource: net::ERR_INTERNET_DISCONNECTED @ https://app.wizscheduler.com/api/v1/billing/usage:0
[23700373ms] [ERROR] Failed to load resource: net::ERR_INTERNET_DISCONNECTED @ https://app.wizscheduler.com/api/v1/billing/usage:0
[23760374ms] [ERROR] Failed to load resource: net::ERR_INTERNET_DISCONNECTED @ https://app.wizscheduler.com/api/v1/billing/usage:0
[23820375ms] [ERROR] Failed to load resource: net::ERR_INTERNET_DISCONNECTED @ https://app.wizscheduler.com/api/v1/billing/usage:0
[23880372ms] [ERROR] Failed to load resource: net::ERR_INTERNET_DISCONNECTED @ https://app.wizscheduler.com/api/v1/billing/usage:0
[23940376ms] [ERROR] Failed to load resource: net::ERR_INTERNET_DISCONNECTED @ https://app.wizscheduler.com/api/v1/billing/usage:0
[24000375ms] [ERROR] Failed to load resource: net::ERR_INTERNET_DISCONNECTED @ https://app.wizscheduler.com/api/v1/billing/usage:0
[24060374ms] [ERROR] Failed to load resource: net::ERR_INTERNET_DISCONNECTED @ https://app.wizscheduler.com/api/v1/billing/usage:0
[24120376ms] [ERROR] Failed to load resource: net::ERR_INTERNET_DISCONNECTED @ https://app.wizscheduler.com/api/v1/billing/usage:0
[24180375ms] [ERROR] Failed to load resource: net::ERR_INTERNET_DISCONNECTED @ https://app.wizscheduler.com/api/v1/billing/usage:0
[24240377ms] [ERROR] Failed to load resource: net::ERR_INTERNET_DISCONNECTED @ https://app.wizscheduler.com/api/v1/billing/usage:0
[24300376ms] [ERROR] Failed to load resource: net::ERR_INTERNET_DISCONNECTED @ https://app.wizscheduler.com/api/v1/billing/usage:0
[24360377ms] [ERROR] Failed to load resource: net::ERR_INTERNET_DISCONNECTED @ https://app.wizscheduler.com/api/v1/billing/usage:0
[24420377ms] [ERROR] Failed to load resource: net::ERR_INTERNET_DISCONNECTED @ https://app.wizscheduler.com/api/v1/billing/usage:0
[24480378ms] [ERROR] Failed to load resource: net::ERR_INTERNET_DISCONNECTED @ https://app.wizscheduler.com/api/v1/billing/usage:0
[24540379ms] [ERROR] Failed to load resource: net::ERR_INTERNET_DISCONNECTED @ https://app.wizscheduler.com/api/v1/billing/usage:0
[24600382ms] [ERROR] Failed to load resource: net::ERR_INTERNET_DISCONNECTED @ https://app.wizscheduler.com/api/v1/billing/usage:0
[24660378ms] [ERROR] Failed to load resource: net::ERR_INTERNET_DISCONNECTED @ https://app.wizscheduler.com/api/v1/billing/usage:0
[24720378ms] [ERROR] Failed to load resource: net::ERR_INTERNET_DISCONNECTED @ https://app.wizscheduler.com/api/v1/billing/usage:0
[24780380ms] [ERROR] Failed to load resource: net::ERR_INTERNET_DISCONNECTED @ https://app.wizscheduler.com/api/v1/billing/usage:0
[24840379ms] [ERROR] Failed to load resource: net::ERR_INTERNET_DISCONNECTED @ https://app.wizscheduler.com/api/v1/billing/usage:0
[24900378ms] [ERROR] Failed to load resource: net::ERR_INTERNET_DISCONNECTED @ https://app.wizscheduler.com/api/v1/billing/usage:0
[24960382ms] [ERROR] Failed to load resource: net::ERR_INTERNET_DISCONNECTED @ https://app.wizscheduler.com/api/v1/billing/usage:0
[25020381ms] [ERROR] Failed to load resource: net::ERR_INTERNET_DISCONNECTED @ https://app.wizscheduler.com/api/v1/billing/usage:0
[25080380ms] [ERROR] Failed to load resource: net::ERR_INTERNET_DISCONNECTED @ https://app.wizscheduler.com/api/v1/billing/usage:0
[25140383ms] [ERROR] Failed to load resource: net::ERR_INTERNET_DISCONNECTED @ https://app.wizscheduler.com/api/v1/billing/usage:0
[25200384ms] [ERROR] Failed to load resource: net::ERR_INTERNET_DISCONNECTED @ https://app.wizscheduler.com/api/v1/billing/usage:0
[25260383ms] [ERROR] Failed to load resource: net::ERR_INTERNET_DISCONNECTED @ https://app.wizscheduler.com/api/v1/billing/usage:0
[25320384ms] [ERROR] Failed to load resource: net::ERR_INTERNET_DISCONNECTED @ https://app.wizscheduler.com/api/v1/billing/usage:0
[25380384ms] [ERROR] Failed to load resource: net::ERR_INTERNET_DISCONNECTED @ https://app.wizscheduler.com/api/v1/billing/usage:0
[25440383ms] [ERROR] Failed to load resource: net::ERR_INTERNET_DISCONNECTED @ https://app.wizscheduler.com/api/v1/billing/usage:0
[25500385ms] [ERROR] Failed to load resource: net::ERR_INTERNET_DISCONNECTED @ https://app.wizscheduler.com/api/v1/billing/usage:0
[25560386ms] [ERROR] Failed to load resource: net::ERR_INTERNET_DISCONNECTED @ https://app.wizscheduler.com/api/v1/billing/usage:0
[25620391ms] [ERROR] Failed to load resource: net::ERR_INTERNET_DISCONNECTED @ https://app.wizscheduler.com/api/v1/billing/usage:0
[25680387ms] [ERROR] Failed to load resource: net::ERR_INTERNET_DISCONNECTED @ https://app.wizscheduler.com/api/v1/billing/usage:0
[25740387ms] [ERROR] Failed to load resource: net::ERR_INTERNET_DISCONNECTED @ https://app.wizscheduler.com/api/v1/billing/usage:0
[25800388ms] [ERROR] Failed to load resource: net::ERR_INTERNET_DISCONNECTED @ https://app.wizscheduler.com/api/v1/billing/usage:0
[25860384ms] [ERROR] Failed to load resource: net::ERR_INTERNET_DISCONNECTED @ https://app.wizscheduler.com/api/v1/billing/usage:0
[25920388ms] [ERROR] Failed to load resource: net::ERR_INTERNET_DISCONNECTED @ https://app.wizscheduler.com/api/v1/billing/usage:0
[25980389ms] [ERROR] Failed to load resource: net::ERR_INTERNET_DISCONNECTED @ https://app.wizscheduler.com/api/v1/billing/usage:0
[26040389ms] [ERROR] Failed to load resource: net::ERR_INTERNET_DISCONNECTED @ https://app.wizscheduler.com/api/v1/billing/usage:0
[26100389ms] [ERROR] Failed to load resource: net::ERR_INTERNET_DISCONNECTED @ https://app.wizscheduler.com/api/v1/billing/usage:0
[26160390ms] [ERROR] Failed to load resource: net::ERR_INTERNET_DISCONNECTED @ https://app.wizscheduler.com/api/v1/billing/usage:0
[26220391ms] [ERROR] Failed to load resource: net::ERR_INTERNET_DISCONNECTED @ https://app.wizscheduler.com/api/v1/billing/usage:0
[26280390ms] [ERROR] Failed to load resource: net::ERR_INTERNET_DISCONNECTED @ https://app.wizscheduler.com/api/v1/billing/usage:0
[26340391ms] [ERROR] Failed to load resource: net::ERR_INTERNET_DISCONNECTED @ https://app.wizscheduler.com/api/v1/billing/usage:0
[26400391ms] [ERROR] Failed to load resource: net::ERR_INTERNET_DISCONNECTED @ https://app.wizscheduler.com/api/v1/billing/usage:0
[26460390ms] [ERROR] Failed to load resource: net::ERR_INTERNET_DISCONNECTED @ https://app.wizscheduler.com/api/v1/billing/usage:0
[26520392ms] [ERROR] Failed to load resource: net::ERR_INTERNET_DISCONNECTED @ https://app.wizscheduler.com/api/v1/billing/usage:0
[26580391ms] [ERROR] Failed to load resource: net::ERR_INTERNET_DISCONNECTED @ https://app.wizscheduler.com/api/v1/billing/usage:0
[26640392ms] [ERROR] Failed to load resource: net::ERR_INTERNET_DISCONNECTED @ https://app.wizscheduler.com/api/v1/billing/usage:0
[26700391ms] [ERROR] Failed to load resource: net::ERR_INTERNET_DISCONNECTED @ https://app.wizscheduler.com/api/v1/billing/usage:0
[26760390ms] [ERROR] Failed to load resource: net::ERR_INTERNET_DISCONNECTED @ https://app.wizscheduler.com/api/v1/billing/usage:0
[26820401ms] [ERROR] Failed to load resource: net::ERR_INTERNET_DISCONNECTED @ https://app.wizscheduler.com/api/v1/billing/usage:0
[26880393ms] [ERROR] Failed to load resource: net::ERR_INTERNET_DISCONNECTED @ https://app.wizscheduler.com/api/v1/billing/usage:0
[26940395ms] [ERROR] Failed to load resource: net::ERR_INTERNET_DISCONNECTED @ https://app.wizscheduler.com/api/v1/billing/usage:0
[27000394ms] [ERROR] Failed to load resource: net::ERR_INTERNET_DISCONNECTED @ https://app.wizscheduler.com/api/v1/billing/usage:0
[27060394ms] [ERROR] Failed to load resource: net::ERR_INTERNET_DISCONNECTED @ https://app.wizscheduler.com/api/v1/billing/usage:0
[27120396ms] [ERROR] Failed to load resource: net::ERR_INTERNET_DISCONNECTED @ https://app.wizscheduler.com/api/v1/billing/usage:0
[27180396ms] [ERROR] Failed to load resource: net::ERR_INTERNET_DISCONNECTED @ https://app.wizscheduler.com/api/v1/billing/usage:0
[27240396ms] [ERROR] Failed to load resource: net::ERR_INTERNET_DISCONNECTED @ https://app.wizscheduler.com/api/v1/billing/usage:0
[27300395ms] [ERROR] Failed to load resource: net::ERR_INTERNET_DISCONNECTED @ https://app.wizscheduler.com/api/v1/billing/usage:0
[27360397ms] [ERROR] Failed to load resource: net::ERR_INTERNET_DISCONNECTED @ https://app.wizscheduler.com/api/v1/billing/usage:0
[27420397ms] [ERROR] Failed to load resource: net::ERR_INTERNET_DISCONNECTED @ https://app.wizscheduler.com/api/v1/billing/usage:0
[27480397ms] [ERROR] Failed to load resource: net::ERR_INTERNET_DISCONNECTED @ https://app.wizscheduler.com/api/v1/billing/usage:0
[27540399ms] [ERROR] Failed to load resource: net::ERR_INTERNET_DISCONNECTED @ https://app.wizscheduler.com/api/v1/billing/usage:0
[27600399ms] [ERROR] Failed to load resource: net::ERR_INTERNET_DISCONNECTED @ https://app.wizscheduler.com/api/v1/billing/usage:0
[27660399ms] [ERROR] Failed to load resource: net::ERR_INTERNET_DISCONNECTED @ https://app.wizscheduler.com/api/v1/billing/usage:0
[27720400ms] [ERROR] Failed to load resource: net::ERR_INTERNET_DISCONNECTED @ https://app.wizscheduler.com/api/v1/billing/usage:0
[27780400ms] [ERROR] Failed to load resource: net::ERR_INTERNET_DISCONNECTED @ https://app.wizscheduler.com/api/v1/billing/usage:0
[27840398ms] [ERROR] Failed to load resource: net::ERR_INTERNET_DISCONNECTED @ https://app.wizscheduler.com/api/v1/billing/usage:0
[27900399ms] [ERROR] Failed to load resource: net::ERR_INTERNET_DISCONNECTED @ https://app.wizscheduler.com/api/v1/billing/usage:0
[27960400ms] [ERROR] Failed to load resource: net::ERR_INTERNET_DISCONNECTED @ https://app.wizscheduler.com/api/v1/billing/usage:0
[28020400ms] [ERROR] Failed to load resource: net::ERR_INTERNET_DISCONNECTED @ https://app.wizscheduler.com/api/v1/billing/usage:0
[28080402ms] [ERROR] Failed to load resource: net::ERR_INTERNET_DISCONNECTED @ https://app.wizscheduler.com/api/v1/billing/usage:0
[28140401ms] [ERROR] Failed to load resource: net::ERR_INTERNET_DISCONNECTED @ https://app.wizscheduler.com/api/v1/billing/usage:0
[28200401ms] [ERROR] Failed to load resource: net::ERR_INTERNET_DISCONNECTED @ https://app.wizscheduler.com/api/v1/billing/usage:0
[28260403ms] [ERROR] Failed to load resource: net::ERR_INTERNET_DISCONNECTED @ https://app.wizscheduler.com/api/v1/billing/usage:0
[28320404ms] [ERROR] Failed to load resource: net::ERR_INTERNET_DISCONNECTED @ https://app.wizscheduler.com/api/v1/billing/usage:0
[28380404ms] [ERROR] Failed to load resource: net::ERR_INTERNET_DISCONNECTED @ https://app.wizscheduler.com/api/v1/billing/usage:0
[28440402ms] [ERROR] Failed to load resource: net::ERR_INTERNET_DISCONNECTED @ https://app.wizscheduler.com/api/v1/billing/usage:0
[28500404ms] [ERROR] Failed to load resource: net::ERR_INTERNET_DISCONNECTED @ https://app.wizscheduler.com/api/v1/billing/usage:0
[28560405ms] [ERROR] Failed to load resource: net::ERR_INTERNET_DISCONNECTED @ https://app.wizscheduler.com/api/v1/billing/usage:0
[28620405ms] [ERROR] Failed to load resource: net::ERR_INTERNET_DISCONNECTED @ https://app.wizscheduler.com/api/v1/billing/usage:0
[28680405ms] [ERROR] Failed to load resource: net::ERR_INTERNET_DISCONNECTED @ https://app.wizscheduler.com/api/v1/billing/usage:0
[28740404ms] [ERROR] Failed to load resource: net::ERR_INTERNET_DISCONNECTED @ https://app.wizscheduler.com/api/v1/billing/usage:0
[28800407ms] [ERROR] Failed to load resource: net::ERR_INTERNET_DISCONNECTED @ https://app.wizscheduler.com/api/v1/billing/usage:0
[28860404ms] [ERROR] Failed to load resource: net::ERR_INTERNET_DISCONNECTED @ https://app.wizscheduler.com/api/v1/billing/usage:0
[28920409ms] [ERROR] Failed to load resource: net::ERR_INTERNET_DISCONNECTED @ https://app.wizscheduler.com/api/v1/billing/usage:0
[28980408ms] [ERROR] Failed to load resource: net::ERR_INTERNET_DISCONNECTED @ https://app.wizscheduler.com/api/v1/billing/usage:0
[29040408ms] [ERROR] Failed to load resource: net::ERR_INTERNET_DISCONNECTED @ https://app.wizscheduler.com/api/v1/billing/usage:0
[29100408ms] [ERROR] Failed to load resource: net::ERR_INTERNET_DISCONNECTED @ https://app.wizscheduler.com/api/v1/billing/usage:0
[29160407ms] [ERROR] Failed to load resource: net::ERR_INTERNET_DISCONNECTED @ https://app.wizscheduler.com/api/v1/billing/usage:0
[29220409ms] [ERROR] Failed to load resource: net::ERR_INTERNET_DISCONNECTED @ https://app.wizscheduler.com/api/v1/billing/usage:0
[29280409ms] [ERROR] Failed to load resource: net::ERR_INTERNET_DISCONNECTED @ https://app.wizscheduler.com/api/v1/billing/usage:0
[29340410ms] [ERROR] Failed to load resource: net::ERR_INTERNET_DISCONNECTED @ https://app.wizscheduler.com/api/v1/billing/usage:0
[29400410ms] [ERROR] Failed to load resource: net::ERR_INTERNET_DISCONNECTED @ https://app.wizscheduler.com/api/v1/billing/usage:0
[29460411ms] [ERROR] Failed to load resource: net::ERR_INTERNET_DISCONNECTED @ https://app.wizscheduler.com/api/v1/billing/usage:0
[29520411ms] [ERROR] Failed to load resource: net::ERR_INTERNET_DISCONNECTED @ https://app.wizscheduler.com/api/v1/billing/usage:0
[29580411ms] [ERROR] Failed to load resource: net::ERR_INTERNET_DISCONNECTED @ https://app.wizscheduler.com/api/v1/billing/usage:0
[29640414ms] [ERROR] Failed to load resource: net::ERR_INTERNET_DISCONNECTED @ https://app.wizscheduler.com/api/v1/billing/usage:0
[29700412ms] [ERROR] Failed to load resource: net::ERR_INTERNET_DISCONNECTED @ https://app.wizscheduler.com/api/v1/billing/usage:0
[29760415ms] [ERROR] Failed to load resource: net::ERR_INTERNET_DISCONNECTED @ https://app.wizscheduler.com/api/v1/billing/usage:0
[29820414ms] [ERROR] Failed to load resource: net::ERR_INTERNET_DISCONNECTED @ https://app.wizscheduler.com/api/v1/billing/usage:0
[29880411ms] [ERROR] Failed to load resource: net::ERR_INTERNET_DISCONNECTED @ https://app.wizscheduler.com/api/v1/billing/usage:0
[29940415ms] [ERROR] Failed to load resource: net::ERR_INTERNET_DISCONNECTED @ https://app.wizscheduler.com/api/v1/billing/usage:0
[30000414ms] [ERROR] Failed to load resource: net::ERR_INTERNET_DISCONNECTED @ https://app.wizscheduler.com/api/v1/billing/usage:0
[30060415ms] [ERROR] Failed to load resource: net::ERR_INTERNET_DISCONNECTED @ https://app.wizscheduler.com/api/v1/billing/usage:0
[30120415ms] [ERROR] Failed to load resource: net::ERR_INTERNET_DISCONNECTED @ https://app.wizscheduler.com/api/v1/billing/usage:0
[30180416ms] [ERROR] Failed to load resource: net::ERR_INTERNET_DISCONNECTED @ https://app.wizscheduler.com/api/v1/billing/usage:0
[30240416ms] [ERROR] Failed to load resource: net::ERR_INTERNET_DISCONNECTED @ https://app.wizscheduler.com/api/v1/billing/usage:0
[30300413ms] [ERROR] Failed to load resource: net::ERR_INTERNET_DISCONNECTED @ https://app.wizscheduler.com/api/v1/billing/usage:0
[30360417ms] [ERROR] Failed to load resource: net::ERR_INTERNET_DISCONNECTED @ https://app.wizscheduler.com/api/v1/billing/usage:0
[30420416ms] [ERROR] Failed to load resource: net::ERR_INTERNET_DISCONNECTED @ https://app.wizscheduler.com/api/v1/billing/usage:0
[30480416ms] [ERROR] Failed to load resource: net::ERR_INTERNET_DISCONNECTED @ https://app.wizscheduler.com/api/v1/billing/usage:0
[30540418ms] [ERROR] Failed to load resource: net::ERR_INTERNET_DISCONNECTED @ https://app.wizscheduler.com/api/v1/billing/usage:0
[30600417ms] [ERROR] Failed to load resource: net::ERR_INTERNET_DISCONNECTED @ https://app.wizscheduler.com/api/v1/billing/usage:0
[30660419ms] [ERROR] Failed to load resource: net::ERR_INTERNET_DISCONNECTED @ https://app.wizscheduler.com/api/v1/billing/usage:0
[30720419ms] [ERROR] Failed to load resource: net::ERR_INTERNET_DISCONNECTED @ https://app.wizscheduler.com/api/v1/billing/usage:0
[30780419ms] [ERROR] Failed to load resource: net::ERR_INTERNET_DISCONNECTED @ https://app.wizscheduler.com/api/v1/billing/usage:0
[30840421ms] [ERROR] Failed to load resource: net::ERR_INTERNET_DISCONNECTED @ https://app.wizscheduler.com/api/v1/billing/usage:0
[30900420ms] [ERROR] Failed to load resource: net::ERR_INTERNET_DISCONNECTED @ https://app.wizscheduler.com/api/v1/billing/usage:0
[30960421ms] [ERROR] Failed to load resource: net::ERR_INTERNET_DISCONNECTED @ https://app.wizscheduler.com/api/v1/billing/usage:0
[31020421ms] [ERROR] Failed to load resource: net::ERR_INTERNET_DISCONNECTED @ https://app.wizscheduler.com/api/v1/billing/usage:0
[31080422ms] [ERROR] Failed to load resource: net::ERR_INTERNET_DISCONNECTED @ https://app.wizscheduler.com/api/v1/billing/usage:0
[31140420ms] [ERROR] Failed to load resource: net::ERR_INTERNET_DISCONNECTED @ https://app.wizscheduler.com/api/v1/billing/usage:0
[31200423ms] [ERROR] Failed to load resource: net::ERR_INTERNET_DISCONNECTED @ https://app.wizscheduler.com/api/v1/billing/usage:0
[31260423ms] [ERROR] Failed to load resource: net::ERR_INTERNET_DISCONNECTED @ https://app.wizscheduler.com/api/v1/billing/usage:0
[31320421ms] [ERROR] Failed to load resource: net::ERR_INTERNET_DISCONNECTED @ https://app.wizscheduler.com/api/v1/billing/usage:0
[31380422ms] [ERROR] Failed to load resource: net::ERR_INTERNET_DISCONNECTED @ https://app.wizscheduler.com/api/v1/billing/usage:0
[31440424ms] [ERROR] Failed to load resource: net::ERR_INTERNET_DISCONNECTED @ https://app.wizscheduler.com/api/v1/billing/usage:0
[31500424ms] [ERROR] Failed to load resource: net::ERR_INTERNET_DISCONNECTED @ https://app.wizscheduler.com/api/v1/billing/usage:0
[31560423ms] [ERROR] Failed to load resource: net::ERR_INTERNET_DISCONNECTED @ https://app.wizscheduler.com/api/v1/billing/usage:0
[31620425ms] [ERROR] Failed to load resource: net::ERR_INTERNET_DISCONNECTED @ https://app.wizscheduler.com/api/v1/billing/usage:0
[31680425ms] [ERROR] Failed to load resource: net::ERR_INTERNET_DISCONNECTED @ https://app.wizscheduler.com/api/v1/billing/usage:0
[31740425ms] [ERROR] Failed to load resource: net::ERR_INTERNET_DISCONNECTED @ https://app.wizscheduler.com/api/v1/billing/usage:0
[31800426ms] [ERROR] Failed to load resource: net::ERR_INTERNET_DISCONNECTED @ https://app.wizscheduler.com/api/v1/billing/usage:0
[31860427ms] [ERROR] Failed to load resource: net::ERR_INTERNET_DISCONNECTED @ https://app.wizscheduler.com/api/v1/billing/usage:0
[31920427ms] [ERROR] Failed to load resource: net::ERR_INTERNET_DISCONNECTED @ https://app.wizscheduler.com/api/v1/billing/usage:0
[31980427ms] [ERROR] Failed to load resource: net::ERR_INTERNET_DISCONNECTED @ https://app.wizscheduler.com/api/v1/billing/usage:0
[32040426ms] [ERROR] Failed to load resource: net::ERR_INTERNET_DISCONNECTED @ https://app.wizscheduler.com/api/v1/billing/usage:0
[32100425ms] [ERROR] Failed to load resource: net::ERR_INTERNET_DISCONNECTED @ https://app.wizscheduler.com/api/v1/billing/usage:0
[32160429ms] [ERROR] Failed to load resource: net::ERR_INTERNET_DISCONNECTED @ https://app.wizscheduler.com/api/v1/billing/usage:0
[32220429ms] [ERROR] Failed to load resource: net::ERR_INTERNET_DISCONNECTED @ https://app.wizscheduler.com/api/v1/billing/usage:0
[32280429ms] [ERROR] Failed to load resource: net::ERR_INTERNET_DISCONNECTED @ https://app.wizscheduler.com/api/v1/billing/usage:0
[32340429ms] [ERROR] Failed to load resource: net::ERR_INTERNET_DISCONNECTED @ https://app.wizscheduler.com/api/v1/billing/usage:0
[32400430ms] [ERROR] Failed to load resource: net::ERR_INTERNET_DISCONNECTED @ https://app.wizscheduler.com/api/v1/billing/usage:0
[32460430ms] [ERROR] Failed to load resource: net::ERR_INTERNET_DISCONNECTED @ https://app.wizscheduler.com/api/v1/billing/usage:0
[32520430ms] [ERROR] Failed to load resource: net::ERR_INTERNET_DISCONNECTED @ https://app.wizscheduler.com/api/v1/billing/usage:0
[32580431ms] [ERROR] Failed to load resource: net::ERR_INTERNET_DISCONNECTED @ https://app.wizscheduler.com/api/v1/billing/usage:0
[32640432ms] [ERROR] Failed to load resource: net::ERR_INTERNET_DISCONNECTED @ https://app.wizscheduler.com/api/v1/billing/usage:0
[32700429ms] [ERROR] Failed to load resource: net::ERR_INTERNET_DISCONNECTED @ https://app.wizscheduler.com/api/v1/billing/usage:0
[32760432ms] [ERROR] Failed to load resource: net::ERR_INTERNET_DISCONNECTED @ https://app.wizscheduler.com/api/v1/billing/usage:0
[32820431ms] [ERROR] Failed to load resource: net::ERR_INTERNET_DISCONNECTED @ https://app.wizscheduler.com/api/v1/billing/usage:0
[32880433ms] [ERROR] Failed to load resource: net::ERR_INTERNET_DISCONNECTED @ https://app.wizscheduler.com/api/v1/billing/usage:0
[32940433ms] [ERROR] Failed to load resource: net::ERR_INTERNET_DISCONNECTED @ https://app.wizscheduler.com/api/v1/billing/usage:0
[33000431ms] [ERROR] Failed to load resource: net::ERR_INTERNET_DISCONNECTED @ https://app.wizscheduler.com/api/v1/billing/usage:0
[33060434ms] [ERROR] Failed to load resource: net::ERR_INTERNET_DISCONNECTED @ https://app.wizscheduler.com/api/v1/billing/usage:0
[33120436ms] [ERROR] Failed to load resource: net::ERR_INTERNET_DISCONNECTED @ https://app.wizscheduler.com/api/v1/billing/usage:0
[33180436ms] [ERROR] Failed to load resource: net::ERR_INTERNET_DISCONNECTED @ https://app.wizscheduler.com/api/v1/billing/usage:0
[33240436ms] [ERROR] Failed to load resource: net::ERR_INTERNET_DISCONNECTED @ https://app.wizscheduler.com/api/v1/billing/usage:0
[33300432ms] [ERROR] Failed to load resource: net::ERR_INTERNET_DISCONNECTED @ https://app.wizscheduler.com/api/v1/billing/usage:0
[33360437ms] [ERROR] Failed to load resource: net::ERR_INTERNET_DISCONNECTED @ https://app.wizscheduler.com/api/v1/billing/usage:0
[33420438ms] [ERROR] Failed to load resource: net::ERR_INTERNET_DISCONNECTED @ https://app.wizscheduler.com/api/v1/billing/usage:0
[33480438ms] [ERROR] Failed to load resource: net::ERR_INTERNET_DISCONNECTED @ https://app.wizscheduler.com/api/v1/billing/usage:0
[33540440ms] [ERROR] Failed to load resource: net::ERR_INTERNET_DISCONNECTED @ https://app.wizscheduler.com/api/v1/billing/usage:0
[33600439ms] [ERROR] Failed to load resource: net::ERR_INTERNET_DISCONNECTED @ https://app.wizscheduler.com/api/v1/billing/usage:0
[33660437ms] [ERROR] Failed to load resource: net::ERR_INTERNET_DISCONNECTED @ https://app.wizscheduler.com/api/v1/billing/usage:0
[33720440ms] [ERROR] Failed to load resource: net::ERR_INTERNET_DISCONNECTED @ https://app.wizscheduler.com/api/v1/billing/usage:0
[33780438ms] [ERROR] Failed to load resource: net::ERR_INTERNET_DISCONNECTED @ https://app.wizscheduler.com/api/v1/billing/usage:0
[33840439ms] [ERROR] Failed to load resource: net::ERR_INTERNET_DISCONNECTED @ https://app.wizscheduler.com/api/v1/billing/usage:0
[33900439ms] [ERROR] Failed to load resource: net::ERR_INTERNET_DISCONNECTED @ https://app.wizscheduler.com/api/v1/billing/usage:0
[33960440ms] [ERROR] Failed to load resource: net::ERR_INTERNET_DISCONNECTED @ https://app.wizscheduler.com/api/v1/billing/usage:0
[34020441ms] [ERROR] Failed to load resource: net::ERR_INTERNET_DISCONNECTED @ https://app.wizscheduler.com/api/v1/billing/usage:0
[34080441ms] [ERROR] Failed to load resource: net::ERR_INTERNET_DISCONNECTED @ https://app.wizscheduler.com/api/v1/billing/usage:0
[34140441ms] [ERROR] Failed to load resource: net::ERR_INTERNET_DISCONNECTED @ https://app.wizscheduler.com/api/v1/billing/usage:0
[34200442ms] [ERROR] Failed to load resource: net::ERR_INTERNET_DISCONNECTED @ https://app.wizscheduler.com/api/v1/billing/usage:0
[34260443ms] [ERROR] Failed to load resource: net::ERR_INTERNET_DISCONNECTED @ https://app.wizscheduler.com/api/v1/billing/usage:0
[34320442ms] [ERROR] Failed to load resource: net::ERR_INTERNET_DISCONNECTED @ https://app.wizscheduler.com/api/v1/billing/usage:0
[34380441ms] [ERROR] Failed to load resource: net::ERR_INTERNET_DISCONNECTED @ https://app.wizscheduler.com/api/v1/billing/usage:0
[34440441ms] [ERROR] Failed to load resource: net::ERR_INTERNET_DISCONNECTED @ https://app.wizscheduler.com/api/v1/billing/usage:0
[34500443ms] [ERROR] Failed to load resource: net::ERR_INTERNET_DISCONNECTED @ https://app.wizscheduler.com/api/v1/billing/usage:0
[34560443ms] [ERROR] Failed to load resource: net::ERR_INTERNET_DISCONNECTED @ https://app.wizscheduler.com/api/v1/billing/usage:0
[34620444ms] [ERROR] Failed to load resource: net::ERR_INTERNET_DISCONNECTED @ https://app.wizscheduler.com/api/v1/billing/usage:0
[34680444ms] [ERROR] Failed to load resource: net::ERR_INTERNET_DISCONNECTED @ https://app.wizscheduler.com/api/v1/billing/usage:0
[34740446ms] [ERROR] Failed to load resource: net::ERR_INTERNET_DISCONNECTED @ https://app.wizscheduler.com/api/v1/billing/usage:0
[34800446ms] [ERROR] Failed to load resource: net::ERR_INTERNET_DISCONNECTED @ https://app.wizscheduler.com/api/v1/billing/usage:0
[34860447ms] [ERROR] Failed to load resource: net::ERR_INTERNET_DISCONNECTED @ https://app.wizscheduler.com/api/v1/billing/usage:0
[34920447ms] [ERROR] Failed to load resource: net::ERR_INTERNET_DISCONNECTED @ https://app.wizscheduler.com/api/v1/billing/usage:0
[34980447ms] [ERROR] Failed to load resource: net::ERR_INTERNET_DISCONNECTED @ https://app.wizscheduler.com/api/v1/billing/usage:0
[35040447ms] [ERROR] Failed to load resource: net::ERR_INTERNET_DISCONNECTED @ https://app.wizscheduler.com/api/v1/billing/usage:0
[35100448ms] [ERROR] Failed to load resource: net::ERR_INTERNET_DISCONNECTED @ https://app.wizscheduler.com/api/v1/billing/usage:0
[35160448ms] [ERROR] Failed to load resource: net::ERR_INTERNET_DISCONNECTED @ https://app.wizscheduler.com/api/v1/billing/usage:0
[35220448ms] [ERROR] Failed to load resource: net::ERR_INTERNET_DISCONNECTED @ https://app.wizscheduler.com/api/v1/billing/usage:0
[35280449ms] [ERROR] Failed to load resource: net::ERR_INTERNET_DISCONNECTED @ https://app.wizscheduler.com/api/v1/billing/usage:0
[35340451ms] [ERROR] Failed to load resource: net::ERR_INTERNET_DISCONNECTED @ https://app.wizscheduler.com/api/v1/billing/usage:0
[35400450ms] [ERROR] Failed to load resource: net::ERR_INTERNET_DISCONNECTED @ https://app.wizscheduler.com/api/v1/billing/usage:0
[35460450ms] [ERROR] Failed to load resource: net::ERR_INTERNET_DISCONNECTED @ https://app.wizscheduler.com/api/v1/billing/usage:0
[35520451ms] [ERROR] Failed to load resource: net::ERR_INTERNET_DISCONNECTED @ https://app.wizscheduler.com/api/v1/billing/usage:0
[35580451ms] [ERROR] Failed to load resource: net::ERR_INTERNET_DISCONNECTED @ https://app.wizscheduler.com/api/v1/billing/usage:0
[35640449ms] [ERROR] Failed to load resource: net::ERR_INTERNET_DISCONNECTED @ https://app.wizscheduler.com/api/v1/billing/usage:0
[35700451ms] [ERROR] Failed to load resource: net::ERR_INTERNET_DISCONNECTED @ https://app.wizscheduler.com/api/v1/billing/usage:0
[35760451ms] [ERROR] Failed to load resource: net::ERR_INTERNET_DISCONNECTED @ https://app.wizscheduler.com/api/v1/billing/usage:0
[35820453ms] [ERROR] Failed to load resource: net::ERR_INTERNET_DISCONNECTED @ https://app.wizscheduler.com/api/v1/billing/usage:0
[35880453ms] [ERROR] Failed to load resource: net::ERR_INTERNET_DISCONNECTED @ https://app.wizscheduler.com/api/v1/billing/usage:0
[35940453ms] [ERROR] Failed to load resource: net::ERR_INTERNET_DISCONNECTED @ https://app.wizscheduler.com/api/v1/billing/usage:0
[36000454ms] [ERROR] Failed to load resource: net::ERR_INTERNET_DISCONNECTED @ https://app.wizscheduler.com/api/v1/billing/usage:0
[36060453ms] [ERROR] Failed to load resource: net::ERR_INTERNET_DISCONNECTED @ https://app.wizscheduler.com/api/v1/billing/usage:0
[36120454ms] [ERROR] Failed to load resource: net::ERR_INTERNET_DISCONNECTED @ https://app.wizscheduler.com/api/v1/billing/usage:0
[36180456ms] [ERROR] Failed to load resource: net::ERR_INTERNET_DISCONNECTED @ https://app.wizscheduler.com/api/v1/billing/usage:0
[36240455ms] [ERROR] Failed to load resource: net::ERR_INTERNET_DISCONNECTED @ https://app.wizscheduler.com/api/v1/billing/usage:0
[36300455ms] [ERROR] Failed to load resource: net::ERR_INTERNET_DISCONNECTED @ https://app.wizscheduler.com/api/v1/billing/usage:0
[36360453ms] [ERROR] Failed to load resource: net::ERR_INTERNET_DISCONNECTED @ https://app.wizscheduler.com/api/v1/billing/usage:0
[36420456ms] [ERROR] Failed to load resource: net::ERR_INTERNET_DISCONNECTED @ https://app.wizscheduler.com/api/v1/billing/usage:0
[36480465ms] [ERROR] Failed to load resource: net::ERR_INTERNET_DISCONNECTED @ https://app.wizscheduler.com/api/v1/billing/usage:0
[36540458ms] [ERROR] Failed to load resource: net::ERR_INTERNET_DISCONNECTED @ https://app.wizscheduler.com/api/v1/billing/usage:0
[36600457ms] [ERROR] Failed to load resource: net::ERR_INTERNET_DISCONNECTED @ https://app.wizscheduler.com/api/v1/billing/usage:0
[36660459ms] [ERROR] Failed to load resource: net::ERR_INTERNET_DISCONNECTED @ https://app.wizscheduler.com/api/v1/billing/usage:0
[36720459ms] [ERROR] Failed to load resource: net::ERR_INTERNET_DISCONNECTED @ https://app.wizscheduler.com/api/v1/billing/usage:0
[36780458ms] [ERROR] Failed to load resource: net::ERR_INTERNET_DISCONNECTED @ https://app.wizscheduler.com/api/v1/billing/usage:0
[36840459ms] [ERROR] Failed to load resource: net::ERR_INTERNET_DISCONNECTED @ https://app.wizscheduler.com/api/v1/billing/usage:0
[36900459ms] [ERROR] Failed to load resource: net::ERR_INTERNET_DISCONNECTED @ https://app.wizscheduler.com/api/v1/billing/usage:0
[36960456ms] [ERROR] Failed to load resource: net::ERR_INTERNET_DISCONNECTED @ https://app.wizscheduler.com/api/v1/billing/usage:0
[37020459ms] [ERROR] Failed to load resource: net::ERR_INTERNET_DISCONNECTED @ https://app.wizscheduler.com/api/v1/billing/usage:0
[37080460ms] [ERROR] Failed to load resource: net::ERR_INTERNET_DISCONNECTED @ https://app.wizscheduler.com/api/v1/billing/usage:0
[37140460ms] [ERROR] Failed to load resource: net::ERR_INTERNET_DISCONNECTED @ https://app.wizscheduler.com/api/v1/billing/usage:0
[37200461ms] [ERROR] Failed to load resource: net::ERR_INTERNET_DISCONNECTED @ https://app.wizscheduler.com/api/v1/billing/usage:0
[37260460ms] [ERROR] Failed to load resource: net::ERR_INTERNET_DISCONNECTED @ https://app.wizscheduler.com/api/v1/billing/usage:0
[37320462ms] [ERROR] Failed to load resource: net::ERR_INTERNET_DISCONNECTED @ https://app.wizscheduler.com/api/v1/billing/usage:0
[37380462ms] [ERROR] Failed to load resource: net::ERR_INTERNET_DISCONNECTED @ https://app.wizscheduler.com/api/v1/billing/usage:0
[37440461ms] [ERROR] Failed to load resource: net::ERR_INTERNET_DISCONNECTED @ https://app.wizscheduler.com/api/v1/billing/usage:0
[37500464ms] [ERROR] Failed to load resource: net::ERR_INTERNET_DISCONNECTED @ https://app.wizscheduler.com/api/v1/billing/usage:0
[37560459ms] [ERROR] Failed to load resource: net::ERR_INTERNET_DISCONNECTED @ https://app.wizscheduler.com/api/v1/billing/usage:0
[37620465ms] [ERROR] Failed to load resource: net::ERR_INTERNET_DISCONNECTED @ https://app.wizscheduler.com/api/v1/billing/usage:0
[37680464ms] [ERROR] Failed to load resource: net::ERR_INTERNET_DISCONNECTED @ https://app.wizscheduler.com/api/v1/billing/usage:0
[37740465ms] [ERROR] Failed to load resource: net::ERR_INTERNET_DISCONNECTED @ https://app.wizscheduler.com/api/v1/billing/usage:0
[37800465ms] [ERROR] Failed to load resource: net::ERR_INTERNET_DISCONNECTED @ https://app.wizscheduler.com/api/v1/billing/usage:0
[37860466ms] [ERROR] Failed to load resource: net::ERR_INTERNET_DISCONNECTED @ https://app.wizscheduler.com/api/v1/billing/usage:0
[37920466ms] [ERROR] Failed to load resource: net::ERR_INTERNET_DISCONNECTED @ https://app.wizscheduler.com/api/v1/billing/usage:0
[37980466ms] [ERROR] Failed to load resource: net::ERR_INTERNET_DISCONNECTED @ https://app.wizscheduler.com/api/v1/billing/usage:0
[38040467ms] [ERROR] Failed to load resource: net::ERR_INTERNET_DISCONNECTED @ https://app.wizscheduler.com/api/v1/billing/usage:0
[38100467ms] [ERROR] Failed to load resource: net::ERR_INTERNET_DISCONNECTED @ https://app.wizscheduler.com/api/v1/billing/usage:0
[38160467ms] [ERROR] Failed to load resource: net::ERR_INTERNET_DISCONNECTED @ https://app.wizscheduler.com/api/v1/billing/usage:0
[38220468ms] [ERROR] Failed to load resource: net::ERR_INTERNET_DISCONNECTED @ https://app.wizscheduler.com/api/v1/billing/usage:0
[38280468ms] [ERROR] Failed to load resource: net::ERR_INTERNET_DISCONNECTED @ https://app.wizscheduler.com/api/v1/billing/usage:0
[38340468ms] [ERROR] Failed to load resource: net::ERR_INTERNET_DISCONNECTED @ https://app.wizscheduler.com/api/v1/billing/usage:0
[38400468ms] [ERROR] Failed to load resource: net::ERR_INTERNET_DISCONNECTED @ https://app.wizscheduler.com/api/v1/billing/usage:0
[38460470ms] [ERROR] Failed to load resource: net::ERR_INTERNET_DISCONNECTED @ https://app.wizscheduler.com/api/v1/billing/usage:0
[38520470ms] [ERROR] Failed to load resource: net::ERR_INTERNET_DISCONNECTED @ https://app.wizscheduler.com/api/v1/billing/usage:0
[38580470ms] [ERROR] Failed to load resource: net::ERR_INTERNET_DISCONNECTED @ https://app.wizscheduler.com/api/v1/billing/usage:0
[38640471ms] [ERROR] Failed to load resource: net::ERR_INTERNET_DISCONNECTED @ https://app.wizscheduler.com/api/v1/billing/usage:0
[38700471ms] [ERROR] Failed to load resource: net::ERR_INTERNET_DISCONNECTED @ https://app.wizscheduler.com/api/v1/billing/usage:0
[38760471ms] [ERROR] Failed to load resource: net::ERR_INTERNET_DISCONNECTED @ https://app.wizscheduler.com/api/v1/billing/usage:0
[38820469ms] [ERROR] Failed to load resource: net::ERR_INTERNET_DISCONNECTED @ https://app.wizscheduler.com/api/v1/billing/usage:0
[38880472ms] [ERROR] Failed to load resource: net::ERR_INTERNET_DISCONNECTED @ https://app.wizscheduler.com/api/v1/billing/usage:0
[38940472ms] [ERROR] Failed to load resource: net::ERR_INTERNET_DISCONNECTED @ https://app.wizscheduler.com/api/v1/billing/usage:0
[39000471ms] [ERROR] Failed to load resource: net::ERR_INTERNET_DISCONNECTED @ https://app.wizscheduler.com/api/v1/billing/usage:0
[39060474ms] [ERROR] Failed to load resource: net::ERR_INTERNET_DISCONNECTED @ https://app.wizscheduler.com/api/v1/billing/usage:0
[39120473ms] [ERROR] Failed to load resource: net::ERR_INTERNET_DISCONNECTED @ https://app.wizscheduler.com/api/v1/billing/usage:0
[39180474ms] [ERROR] Failed to load resource: net::ERR_INTERNET_DISCONNECTED @ https://app.wizscheduler.com/api/v1/billing/usage:0
[39240475ms] [ERROR] Failed to load resource: net::ERR_INTERNET_DISCONNECTED @ https://app.wizscheduler.com/api/v1/billing/usage:0
[39300475ms] [ERROR] Failed to load resource: net::ERR_INTERNET_DISCONNECTED @ https://app.wizscheduler.com/api/v1/billing/usage:0
[39360476ms] [ERROR] Failed to load resource: net::ERR_INTERNET_DISCONNECTED @ https://app.wizscheduler.com/api/v1/billing/usage:0
[39420476ms] [ERROR] Failed to load resource: net::ERR_INTERNET_DISCONNECTED @ https://app.wizscheduler.com/api/v1/billing/usage:0
[39480476ms] [ERROR] Failed to load resource: net::ERR_INTERNET_DISCONNECTED @ https://app.wizscheduler.com/api/v1/billing/usage:0
[39540479ms] [ERROR] Failed to load resource: net::ERR_INTERNET_DISCONNECTED @ https://app.wizscheduler.com/api/v1/billing/usage:0
[39600474ms] [ERROR] Failed to load resource: net::ERR_INTERNET_DISCONNECTED @ https://app.wizscheduler.com/api/v1/billing/usage:0
[39660478ms] [ERROR] Failed to load resource: net::ERR_INTERNET_DISCONNECTED @ https://app.wizscheduler.com/api/v1/billing/usage:0
[39720478ms] [ERROR] Failed to load resource: net::ERR_INTERNET_DISCONNECTED @ https://app.wizscheduler.com/api/v1/billing/usage:0
[39780478ms] [ERROR] Failed to load resource: net::ERR_INTERNET_DISCONNECTED @ https://app.wizscheduler.com/api/v1/billing/usage:0
[39840479ms] [ERROR] Failed to load resource: net::ERR_INTERNET_DISCONNECTED @ https://app.wizscheduler.com/api/v1/billing/usage:0
[39900479ms] [ERROR] Failed to load resource: net::ERR_INTERNET_DISCONNECTED @ https://app.wizscheduler.com/api/v1/billing/usage:0
[39960480ms] [ERROR] Failed to load resource: net::ERR_INTERNET_DISCONNECTED @ https://app.wizscheduler.com/api/v1/billing/usage:0
[40020481ms] [ERROR] Failed to load resource: net::ERR_INTERNET_DISCONNECTED @ https://app.wizscheduler.com/api/v1/billing/usage:0
[40080479ms] [ERROR] Failed to load resource: net::ERR_INTERNET_DISCONNECTED @ https://app.wizscheduler.com/api/v1/billing/usage:0
[40140480ms] [ERROR] Failed to load resource: net::ERR_INTERNET_DISCONNECTED @ https://app.wizscheduler.com/api/v1/billing/usage:0
[40200479ms] [ERROR] Failed to load resource: net::ERR_INTERNET_DISCONNECTED @ https://app.wizscheduler.com/api/v1/billing/usage:0
[40260480ms] [ERROR] Failed to load resource: net::ERR_INTERNET_DISCONNECTED @ https://app.wizscheduler.com/api/v1/billing/usage:0
[40320482ms] [ERROR] Failed to load resource: net::ERR_INTERNET_DISCONNECTED @ https://app.wizscheduler.com/api/v1/billing/usage:0
[40380481ms] [ERROR] Failed to load resource: net::ERR_INTERNET_DISCONNECTED @ https://app.wizscheduler.com/api/v1/billing/usage:0
[40440484ms] [ERROR] Failed to load resource: net::ERR_INTERNET_DISCONNECTED @ https://app.wizscheduler.com/api/v1/billing/usage:0
[40500483ms] [ERROR] Failed to load resource: net::ERR_INTERNET_DISCONNECTED @ https://app.wizscheduler.com/api/v1/billing/usage:0
[40560483ms] [ERROR] Failed to load resource: net::ERR_INTERNET_DISCONNECTED @ https://app.wizscheduler.com/api/v1/billing/usage:0
[40620483ms] [ERROR] Failed to load resource: net::ERR_INTERNET_DISCONNECTED @ https://app.wizscheduler.com/api/v1/billing/usage:0
[40680484ms] [ERROR] Failed to load resource: net::ERR_INTERNET_DISCONNECTED @ https://app.wizscheduler.com/api/v1/billing/usage:0
[40740484ms] [ERROR] Failed to load resource: net::ERR_INTERNET_DISCONNECTED @ https://app.wizscheduler.com/api/v1/billing/usage:0
[40800484ms] [ERROR] Failed to load resource: net::ERR_INTERNET_DISCONNECTED @ https://app.wizscheduler.com/api/v1/billing/usage:0
[40860484ms] [ERROR] Failed to load resource: net::ERR_INTERNET_DISCONNECTED @ https://app.wizscheduler.com/api/v1/billing/usage:0
[40920486ms] [ERROR] Failed to load resource: net::ERR_INTERNET_DISCONNECTED @ https://app.wizscheduler.com/api/v1/billing/usage:0
[40980482ms] [ERROR] Failed to load resource: net::ERR_INTERNET_DISCONNECTED @ https://app.wizscheduler.com/api/v1/billing/usage:0
[41040486ms] [ERROR] Failed to load resource: net::ERR_INTERNET_DISCONNECTED @ https://app.wizscheduler.com/api/v1/billing/usage:0
[41100487ms] [ERROR] Failed to load resource: net::ERR_INTERNET_DISCONNECTED @ https://app.wizscheduler.com/api/v1/billing/usage:0
[41160487ms] [ERROR] Failed to load resource: net::ERR_INTERNET_DISCONNECTED @ https://app.wizscheduler.com/api/v1/billing/usage:0
[41220487ms] [ERROR] Failed to load resource: net::ERR_INTERNET_DISCONNECTED @ https://app.wizscheduler.com/api/v1/billing/usage:0
[41280489ms] [ERROR] Failed to load resource: net::ERR_INTERNET_DISCONNECTED @ https://app.wizscheduler.com/api/v1/billing/usage:0
[41340489ms] [ERROR] Failed to load resource: net::ERR_INTERNET_DISCONNECTED @ https://app.wizscheduler.com/api/v1/billing/usage:0
[41400485ms] [ERROR] Failed to load resource: net::ERR_INTERNET_DISCONNECTED @ https://app.wizscheduler.com/api/v1/billing/usage:0
[41460489ms] [ERROR] Failed to load resource: net::ERR_INTERNET_DISCONNECTED @ https://app.wizscheduler.com/api/v1/billing/usage:0
[41520487ms] [ERROR] Failed to load resource: net::ERR_INTERNET_DISCONNECTED @ https://app.wizscheduler.com/api/v1/billing/usage:0
[41580490ms] [ERROR] Failed to load resource: net::ERR_INTERNET_DISCONNECTED @ https://app.wizscheduler.com/api/v1/billing/usage:0
[41640490ms] [ERROR] Failed to load resource: net::ERR_INTERNET_DISCONNECTED @ https://app.wizscheduler.com/api/v1/billing/usage:0
[41700489ms] [ERROR] Failed to load resource: net::ERR_INTERNET_DISCONNECTED @ https://app.wizscheduler.com/api/v1/billing/usage:0
[41760491ms] [ERROR] Failed to load resource: net::ERR_INTERNET_DISCONNECTED @ https://app.wizscheduler.com/api/v1/billing/usage:0
[41820489ms] [ERROR] Failed to load resource: net::ERR_INTERNET_DISCONNECTED @ https://app.wizscheduler.com/api/v1/billing/usage:0
[41880492ms] [ERROR] Failed to load resource: net::ERR_INTERNET_DISCONNECTED @ https://app.wizscheduler.com/api/v1/billing/usage:0
[41940492ms] [ERROR] Failed to load resource: net::ERR_INTERNET_DISCONNECTED @ https://app.wizscheduler.com/api/v1/billing/usage:0
[42000493ms] [ERROR] Failed to load resource: net::ERR_INTERNET_DISCONNECTED @ https://app.wizscheduler.com/api/v1/billing/usage:0
[42060492ms] [ERROR] Failed to load resource: net::ERR_INTERNET_DISCONNECTED @ https://app.wizscheduler.com/api/v1/billing/usage:0
[42120492ms] [ERROR] Failed to load resource: net::ERR_INTERNET_DISCONNECTED @ https://app.wizscheduler.com/api/v1/billing/usage:0
[42180494ms] [ERROR] Failed to load resource: net::ERR_INTERNET_DISCONNECTED @ https://app.wizscheduler.com/api/v1/billing/usage:0
[42240493ms] [ERROR] Failed to load resource: net::ERR_INTERNET_DISCONNECTED @ https://app.wizscheduler.com/api/v1/billing/usage:0
[42300495ms] [ERROR] Failed to load resource: net::ERR_INTERNET_DISCONNECTED @ https://app.wizscheduler.com/api/v1/billing/usage:0
[42360495ms] [ERROR] Failed to load resource: net::ERR_INTERNET_DISCONNECTED @ https://app.wizscheduler.com/api/v1/billing/usage:0
[42420496ms] [ERROR] Failed to load resource: net::ERR_INTERNET_DISCONNECTED @ https://app.wizscheduler.com/api/v1/billing/usage:0
[42480495ms] [ERROR] Failed to load resource: net::ERR_INTERNET_DISCONNECTED @ https://app.wizscheduler.com/api/v1/billing/usage:0
[42540497ms] [ERROR] Failed to load resource: net::ERR_INTERNET_DISCONNECTED @ https://app.wizscheduler.com/api/v1/billing/usage:0
[42600493ms] [ERROR] Failed to load resource: net::ERR_INTERNET_DISCONNECTED @ https://app.wizscheduler.com/api/v1/billing/usage:0
[42660496ms] [ERROR] Failed to load resource: net::ERR_INTERNET_DISCONNECTED @ https://app.wizscheduler.com/api/v1/billing/usage:0
[42720498ms] [ERROR] Failed to load resource: net::ERR_INTERNET_DISCONNECTED @ https://app.wizscheduler.com/api/v1/billing/usage:0
[42780497ms] [ERROR] Failed to load resource: net::ERR_INTERNET_DISCONNECTED @ https://app.wizscheduler.com/api/v1/billing/usage:0
[42840496ms] [ERROR] Failed to load resource: net::ERR_INTERNET_DISCONNECTED @ https://app.wizscheduler.com/api/v1/billing/usage:0
[42900498ms] [ERROR] Failed to load resource: net::ERR_INTERNET_DISCONNECTED @ https://app.wizscheduler.com/api/v1/billing/usage:0
[42960498ms] [ERROR] Failed to load resource: net::ERR_INTERNET_DISCONNECTED @ https://app.wizscheduler.com/api/v1/billing/usage:0
[43020499ms] [ERROR] Failed to load resource: net::ERR_INTERNET_DISCONNECTED @ https://app.wizscheduler.com/api/v1/billing/usage:0
[43080500ms] [ERROR] Failed to load resource: net::ERR_INTERNET_DISCONNECTED @ https://app.wizscheduler.com/api/v1/billing/usage:0
[43140499ms] [ERROR] Failed to load resource: net::ERR_INTERNET_DISCONNECTED @ https://app.wizscheduler.com/api/v1/billing/usage:0
[43200500ms] [ERROR] Failed to load resource: net::ERR_INTERNET_DISCONNECTED @ https://app.wizscheduler.com/api/v1/billing/usage:0
[43260502ms] [ERROR] Failed to load resource: net::ERR_INTERNET_DISCONNECTED @ https://app.wizscheduler.com/api/v1/billing/usage:0
[43320501ms] [ERROR] Failed to load resource: net::ERR_INTERNET_DISCONNECTED @ https://app.wizscheduler.com/api/v1/billing/usage:0
[43380501ms] [ERROR] Failed to load resource: net::ERR_INTERNET_DISCONNECTED @ https://app.wizscheduler.com/api/v1/billing/usage:0
[43440501ms] [ERROR] Failed to load resource: net::ERR_INTERNET_DISCONNECTED @ https://app.wizscheduler.com/api/v1/billing/usage:0
[43500500ms] [ERROR] Failed to load resource: net::ERR_INTERNET_DISCONNECTED @ https://app.wizscheduler.com/api/v1/billing/usage:0
[43560502ms] [ERROR] Failed to load resource: net::ERR_INTERNET_DISCONNECTED @ https://app.wizscheduler.com/api/v1/billing/usage:0
[43620503ms] [ERROR] Failed to load resource: net::ERR_INTERNET_DISCONNECTED @ https://app.wizscheduler.com/api/v1/billing/usage:0
[43680501ms] [ERROR] Failed to load resource: net::ERR_INTERNET_DISCONNECTED @ https://app.wizscheduler.com/api/v1/billing/usage:0
[43740504ms] [ERROR] Failed to load resource: net::ERR_INTERNET_DISCONNECTED @ https://app.wizscheduler.com/api/v1/billing/usage:0
[43800504ms] [ERROR] Failed to load resource: net::ERR_INTERNET_DISCONNECTED @ https://app.wizscheduler.com/api/v1/billing/usage:0
[43860502ms] [ERROR] Failed to load resource: net::ERR_INTERNET_DISCONNECTED @ https://app.wizscheduler.com/api/v1/billing/usage:0
[43920506ms] [ERROR] Failed to load resource: net::ERR_INTERNET_DISCONNECTED @ https://app.wizscheduler.com/api/v1/billing/usage:0
[43980506ms] [ERROR] Failed to load resource: net::ERR_INTERNET_DISCONNECTED @ https://app.wizscheduler.com/api/v1/billing/usage:0
[44040505ms] [ERROR] Failed to load resource: net::ERR_INTERNET_DISCONNECTED @ https://app.wizscheduler.com/api/v1/billing/usage:0
[44100506ms] [ERROR] Failed to load resource: net::ERR_INTERNET_DISCONNECTED @ https://app.wizscheduler.com/api/v1/billing/usage:0
[44160505ms] [ERROR] Failed to load resource: net::ERR_INTERNET_DISCONNECTED @ https://app.wizscheduler.com/api/v1/billing/usage:0
[44220507ms] [ERROR] Failed to load resource: net::ERR_INTERNET_DISCONNECTED @ https://app.wizscheduler.com/api/v1/billing/usage:0
[44280509ms] [ERROR] Failed to load resource: net::ERR_INTERNET_DISCONNECTED @ https://app.wizscheduler.com/api/v1/billing/usage:0
[44340505ms] [ERROR] Failed to load resource: net::ERR_INTERNET_DISCONNECTED @ https://app.wizscheduler.com/api/v1/billing/usage:0
[44400507ms] [ERROR] Failed to load resource: net::ERR_INTERNET_DISCONNECTED @ https://app.wizscheduler.com/api/v1/billing/usage:0
[44460508ms] [ERROR] Failed to load resource: net::ERR_INTERNET_DISCONNECTED @ https://app.wizscheduler.com/api/v1/billing/usage:0
[44520509ms] [ERROR] Failed to load resource: net::ERR_INTERNET_DISCONNECTED @ https://app.wizscheduler.com/api/v1/billing/usage:0
[44580510ms] [ERROR] Failed to load resource: net::ERR_INTERNET_DISCONNECTED @ https://app.wizscheduler.com/api/v1/billing/usage:0
[44640511ms] [ERROR] Failed to load resource: net::ERR_INTERNET_DISCONNECTED @ https://app.wizscheduler.com/api/v1/billing/usage:0
[44700510ms] [ERROR] Failed to load resource: net::ERR_INTERNET_DISCONNECTED @ https://app.wizscheduler.com/api/v1/billing/usage:0
[44760512ms] [ERROR] Failed to load resource: net::ERR_INTERNET_DISCONNECTED @ https://app.wizscheduler.com/api/v1/billing/usage:0
[44820511ms] [ERROR] Failed to load resource: net::ERR_INTERNET_DISCONNECTED @ https://app.wizscheduler.com/api/v1/billing/usage:0
[44880510ms] [ERROR] Failed to load resource: net::ERR_INTERNET_DISCONNECTED @ https://app.wizscheduler.com/api/v1/billing/usage:0
[44940511ms] [ERROR] Failed to load resource: net::ERR_INTERNET_DISCONNECTED @ https://app.wizscheduler.com/api/v1/billing/usage:0
[45000512ms] [ERROR] Failed to load resource: net::ERR_INTERNET_DISCONNECTED @ https://app.wizscheduler.com/api/v1/billing/usage:0
[45060512ms] [ERROR] Failed to load resource: net::ERR_INTERNET_DISCONNECTED @ https://app.wizscheduler.com/api/v1/billing/usage:0
[45120512ms] [ERROR] Failed to load resource: net::ERR_INTERNET_DISCONNECTED @ https://app.wizscheduler.com/api/v1/billing/usage:0
[45180513ms] [ERROR] Failed to load resource: net::ERR_INTERNET_DISCONNECTED @ https://app.wizscheduler.com/api/v1/billing/usage:0
[45240515ms] [ERROR] Failed to load resource: net::ERR_INTERNET_DISCONNECTED @ https://app.wizscheduler.com/api/v1/billing/usage:0
[45300512ms] [ERROR] Failed to load resource: net::ERR_INTERNET_DISCONNECTED @ https://app.wizscheduler.com/api/v1/billing/usage:0
[45360514ms] [ERROR] Failed to load resource: net::ERR_INTERNET_DISCONNECTED @ https://app.wizscheduler.com/api/v1/billing/usage:0
[45420514ms] [ERROR] Failed to load resource: net::ERR_INTERNET_DISCONNECTED @ https://app.wizscheduler.com/api/v1/billing/usage:0
[45480512ms] [ERROR] Failed to load resource: net::ERR_INTERNET_DISCONNECTED @ https://app.wizscheduler.com/api/v1/billing/usage:0
[45540514ms] [ERROR] Failed to load resource: net::ERR_INTERNET_DISCONNECTED @ https://app.wizscheduler.com/api/v1/billing/usage:0
[45600516ms] [ERROR] Failed to load resource: net::ERR_INTERNET_DISCONNECTED @ https://app.wizscheduler.com/api/v1/billing/usage:0
[45660515ms] [ERROR] Failed to load resource: net::ERR_INTERNET_DISCONNECTED @ https://app.wizscheduler.com/api/v1/billing/usage:0
[45720517ms] [ERROR] Failed to load resource: net::ERR_INTERNET_DISCONNECTED @ https://app.wizscheduler.com/api/v1/billing/usage:0
[45780517ms] [ERROR] Failed to load resource: net::ERR_INTERNET_DISCONNECTED @ https://app.wizscheduler.com/api/v1/billing/usage:0
[45840519ms] [ERROR] Failed to load resource: net::ERR_INTERNET_DISCONNECTED @ https://app.wizscheduler.com/api/v1/billing/usage:0
[45900518ms] [ERROR] Failed to load resource: net::ERR_INTERNET_DISCONNECTED @ https://app.wizscheduler.com/api/v1/billing/usage:0
[45960517ms] [ERROR] Failed to load resource: net::ERR_INTERNET_DISCONNECTED @ https://app.wizscheduler.com/api/v1/billing/usage:0
[46020519ms] [ERROR] Failed to load resource: net::ERR_INTERNET_DISCONNECTED @ https://app.wizscheduler.com/api/v1/billing/usage:0
[46080519ms] [ERROR] Failed to load resource: net::ERR_INTERNET_DISCONNECTED @ https://app.wizscheduler.com/api/v1/billing/usage:0
[46140520ms] [ERROR] Failed to load resource: net::ERR_INTERNET_DISCONNECTED @ https://app.wizscheduler.com/api/v1/billing/usage:0
[46200520ms] [ERROR] Failed to load resource: net::ERR_INTERNET_DISCONNECTED @ https://app.wizscheduler.com/api/v1/billing/usage:0
[46260520ms] [ERROR] Failed to load resource: net::ERR_INTERNET_DISCONNECTED @ https://app.wizscheduler.com/api/v1/billing/usage:0
[46320521ms] [ERROR] Failed to load resource: net::ERR_INTERNET_DISCONNECTED @ https://app.wizscheduler.com/api/v1/billing/usage:0
[46380521ms] [ERROR] Failed to load resource: net::ERR_INTERNET_DISCONNECTED @ https://app.wizscheduler.com/api/v1/billing/usage:0
[46440520ms] [ERROR] Failed to load resource: net::ERR_INTERNET_DISCONNECTED @ https://app.wizscheduler.com/api/v1/billing/usage:0
[46500521ms] [ERROR] Failed to load resource: net::ERR_INTERNET_DISCONNECTED @ https://app.wizscheduler.com/api/v1/billing/usage:0
[46560521ms] [ERROR] Failed to load resource: net::ERR_INTERNET_DISCONNECTED @ https://app.wizscheduler.com/api/v1/billing/usage:0
[46620523ms] [ERROR] Failed to load resource: net::ERR_INTERNET_DISCONNECTED @ https://app.wizscheduler.com/api/v1/billing/usage:0
[46680521ms] [ERROR] Failed to load resource: net::ERR_INTERNET_DISCONNECTED @ https://app.wizscheduler.com/api/v1/billing/usage:0
[46740522ms] [ERROR] Failed to load resource: net::ERR_INTERNET_DISCONNECTED @ https://app.wizscheduler.com/api/v1/billing/usage:0
[46800522ms] [ERROR] Failed to load resource: net::ERR_INTERNET_DISCONNECTED @ https://app.wizscheduler.com/api/v1/billing/usage:0
[46860524ms] [ERROR] Failed to load resource: net::ERR_INTERNET_DISCONNECTED @ https://app.wizscheduler.com/api/v1/billing/usage:0
[46920525ms] [ERROR] Failed to load resource: net::ERR_INTERNET_DISCONNECTED @ https://app.wizscheduler.com/api/v1/billing/usage:0
[46980524ms] [ERROR] Failed to load resource: net::ERR_INTERNET_DISCONNECTED @ https://app.wizscheduler.com/api/v1/billing/usage:0
[47040525ms] [ERROR] Failed to load resource: net::ERR_INTERNET_DISCONNECTED @ https://app.wizscheduler.com/api/v1/billing/usage:0
[47100526ms] [ERROR] Failed to load resource: net::ERR_INTERNET_DISCONNECTED @ https://app.wizscheduler.com/api/v1/billing/usage:0
[47160526ms] [ERROR] Failed to load resource: net::ERR_INTERNET_DISCONNECTED @ https://app.wizscheduler.com/api/v1/billing/usage:0
[47220527ms] [ERROR] Failed to load resource: net::ERR_INTERNET_DISCONNECTED @ https://app.wizscheduler.com/api/v1/billing/usage:0
[47280525ms] [ERROR] Failed to load resource: net::ERR_INTERNET_DISCONNECTED @ https://app.wizscheduler.com/api/v1/billing/usage:0
[47340527ms] [ERROR] Failed to load resource: net::ERR_INTERNET_DISCONNECTED @ https://app.wizscheduler.com/api/v1/billing/usage:0
[47400527ms] [ERROR] Failed to load resource: net::ERR_INTERNET_DISCONNECTED @ https://app.wizscheduler.com/api/v1/billing/usage:0
[47460529ms] [ERROR] Failed to load resource: net::ERR_INTERNET_DISCONNECTED @ https://app.wizscheduler.com/api/v1/billing/usage:0
[47520530ms] [ERROR] Failed to load resource: net::ERR_INTERNET_DISCONNECTED @ https://app.wizscheduler.com/api/v1/billing/usage:0
[47580526ms] [ERROR] Failed to load resource: net::ERR_INTERNET_DISCONNECTED @ https://app.wizscheduler.com/api/v1/billing/usage:0
[47640530ms] [ERROR] Failed to load resource: net::ERR_INTERNET_DISCONNECTED @ https://app.wizscheduler.com/api/v1/billing/usage:0
[47700530ms] [ERROR] Failed to load resource: net::ERR_INTERNET_DISCONNECTED @ https://app.wizscheduler.com/api/v1/billing/usage:0
[47760530ms] [ERROR] Failed to load resource: net::ERR_INTERNET_DISCONNECTED @ https://app.wizscheduler.com/api/v1/billing/usage:0
[47820531ms] [ERROR] Failed to load resource: net::ERR_INTERNET_DISCONNECTED @ https://app.wizscheduler.com/api/v1/billing/usage:0
[47880530ms] [ERROR] Failed to load resource: net::ERR_INTERNET_DISCONNECTED @ https://app.wizscheduler.com/api/v1/billing/usage:0
[47940530ms] [ERROR] Failed to load resource: net::ERR_INTERNET_DISCONNECTED @ https://app.wizscheduler.com/api/v1/billing/usage:0
[48000531ms] [ERROR] Failed to load resource: net::ERR_INTERNET_DISCONNECTED @ https://app.wizscheduler.com/api/v1/billing/usage:0
[48060532ms] [ERROR] Failed to load resource: net::ERR_INTERNET_DISCONNECTED @ https://app.wizscheduler.com/api/v1/billing/usage:0
[48120531ms] [ERROR] Failed to load resource: net::ERR_INTERNET_DISCONNECTED @ https://app.wizscheduler.com/api/v1/billing/usage:0
[48180530ms] [ERROR] Failed to load resource: net::ERR_INTERNET_DISCONNECTED @ https://app.wizscheduler.com/api/v1/billing/usage:0
[48240531ms] [ERROR] Failed to load resource: net::ERR_INTERNET_DISCONNECTED @ https://app.wizscheduler.com/api/v1/billing/usage:0
[48300535ms] [ERROR] Failed to load resource: net::ERR_INTERNET_DISCONNECTED @ https://app.wizscheduler.com/api/v1/billing/usage:0
[48360533ms] [ERROR] Failed to load resource: net::ERR_INTERNET_DISCONNECTED @ https://app.wizscheduler.com/api/v1/billing/usage:0
[48420533ms] [ERROR] Failed to load resource: net::ERR_INTERNET_DISCONNECTED @ https://app.wizscheduler.com/api/v1/billing/usage:0
[48480535ms] [ERROR] Failed to load resource: net::ERR_INTERNET_DISCONNECTED @ https://app.wizscheduler.com/api/v1/billing/usage:0
[48540535ms] [ERROR] Failed to load resource: net::ERR_INTERNET_DISCONNECTED @ https://app.wizscheduler.com/api/v1/billing/usage:0
[48600536ms] [ERROR] Failed to load resource: net::ERR_INTERNET_DISCONNECTED @ https://app.wizscheduler.com/api/v1/billing/usage:0
[48660536ms] [ERROR] Failed to load resource: net::ERR_INTERNET_DISCONNECTED @ https://app.wizscheduler.com/api/v1/billing/usage:0
[48720536ms] [ERROR] Failed to load resource: net::ERR_INTERNET_DISCONNECTED @ https://app.wizscheduler.com/api/v1/billing/usage:0
[48780537ms] [ERROR] Failed to load resource: net::ERR_INTERNET_DISCONNECTED @ https://app.wizscheduler.com/api/v1/billing/usage:0
[48840537ms] [ERROR] Failed to load resource: net::ERR_INTERNET_DISCONNECTED @ https://app.wizscheduler.com/api/v1/billing/usage:0
[48900537ms] [ERROR] Failed to load resource: net::ERR_INTERNET_DISCONNECTED @ https://app.wizscheduler.com/api/v1/billing/usage:0
[48960537ms] [ERROR] Failed to load resource: net::ERR_INTERNET_DISCONNECTED @ https://app.wizscheduler.com/api/v1/billing/usage:0
[49020538ms] [ERROR] Failed to load resource: net::ERR_INTERNET_DISCONNECTED @ https://app.wizscheduler.com/api/v1/billing/usage:0
[49080538ms] [ERROR] Failed to load resource: net::ERR_INTERNET_DISCONNECTED @ https://app.wizscheduler.com/api/v1/billing/usage:0
[49140540ms] [ERROR] Failed to load resource: net::ERR_INTERNET_DISCONNECTED @ https://app.wizscheduler.com/api/v1/billing/usage:0
[49200539ms] [ERROR] Failed to load resource: net::ERR_INTERNET_DISCONNECTED @ https://app.wizscheduler.com/api/v1/billing/usage:0
[49260539ms] [ERROR] Failed to load resource: net::ERR_INTERNET_DISCONNECTED @ https://app.wizscheduler.com/api/v1/billing/usage:0
[49320541ms] [ERROR] Failed to load resource: net::ERR_INTERNET_DISCONNECTED @ https://app.wizscheduler.com/api/v1/billing/usage:0
[49380538ms] [ERROR] Failed to load resource: net::ERR_INTERNET_DISCONNECTED @ https://app.wizscheduler.com/api/v1/billing/usage:0
[49440540ms] [ERROR] Failed to load resource: net::ERR_INTERNET_DISCONNECTED @ https://app.wizscheduler.com/api/v1/billing/usage:0
[49500541ms] [ERROR] Failed to load resource: net::ERR_INTERNET_DISCONNECTED @ https://app.wizscheduler.com/api/v1/billing/usage:0
[49560542ms] [ERROR] Failed to load resource: net::ERR_INTERNET_DISCONNECTED @ https://app.wizscheduler.com/api/v1/billing/usage:0
[49620542ms] [ERROR] Failed to load resource: net::ERR_INTERNET_DISCONNECTED @ https://app.wizscheduler.com/api/v1/billing/usage:0
[49680541ms] [ERROR] Failed to load resource: net::ERR_INTERNET_DISCONNECTED @ https://app.wizscheduler.com/api/v1/billing/usage:0
[49740544ms] [ERROR] Failed to load resource: net::ERR_INTERNET_DISCONNECTED @ https://app.wizscheduler.com/api/v1/billing/usage:0
[49800543ms] [ERROR] Failed to load resource: net::ERR_INTERNET_DISCONNECTED @ https://app.wizscheduler.com/api/v1/billing/usage:0
[49860544ms] [ERROR] Failed to load resource: net::ERR_INTERNET_DISCONNECTED @ https://app.wizscheduler.com/api/v1/billing/usage:0
[49920546ms] [ERROR] Failed to load resource: net::ERR_INTERNET_DISCONNECTED @ https://app.wizscheduler.com/api/v1/billing/usage:0
[49980543ms] [ERROR] Failed to load resource: net::ERR_INTERNET_DISCONNECTED @ https://app.wizscheduler.com/api/v1/billing/usage:0
[50040545ms] [ERROR] Failed to load resource: net::ERR_INTERNET_DISCONNECTED @ https://app.wizscheduler.com/api/v1/billing/usage:0
[50100545ms] [ERROR] Failed to load resource: net::ERR_INTERNET_DISCONNECTED @ https://app.wizscheduler.com/api/v1/billing/usage:0
[50160546ms] [ERROR] Failed to load resource: net::ERR_INTERNET_DISCONNECTED @ https://app.wizscheduler.com/api/v1/billing/usage:0
[50220545ms] [ERROR] Failed to load resource: net::ERR_INTERNET_DISCONNECTED @ https://app.wizscheduler.com/api/v1/billing/usage:0
[50280543ms] [ERROR] Failed to load resource: net::ERR_INTERNET_DISCONNECTED @ https://app.wizscheduler.com/api/v1/billing/usage:0
[50340547ms] [ERROR] Failed to load resource: net::ERR_INTERNET_DISCONNECTED @ https://app.wizscheduler.com/api/v1/billing/usage:0
[50400547ms] [ERROR] Failed to load resource: net::ERR_INTERNET_DISCONNECTED @ https://app.wizscheduler.com/api/v1/billing/usage:0
[50460547ms] [ERROR] Failed to load resource: net::ERR_INTERNET_DISCONNECTED @ https://app.wizscheduler.com/api/v1/billing/usage:0
[50520549ms] [ERROR] Failed to load resource: net::ERR_INTERNET_DISCONNECTED @ https://app.wizscheduler.com/api/v1/billing/usage:0
[50580549ms] [ERROR] Failed to load resource: net::ERR_INTERNET_DISCONNECTED @ https://app.wizscheduler.com/api/v1/billing/usage:0
[50640548ms] [ERROR] Failed to load resource: net::ERR_INTERNET_DISCONNECTED @ https://app.wizscheduler.com/api/v1/billing/usage:0
[50700549ms] [ERROR] Failed to load resource: net::ERR_INTERNET_DISCONNECTED @ https://app.wizscheduler.com/api/v1/billing/usage:0
[50760550ms] [ERROR] Failed to load resource: net::ERR_INTERNET_DISCONNECTED @ https://app.wizscheduler.com/api/v1/billing/usage:0
[50820550ms] [ERROR] Failed to load resource: net::ERR_INTERNET_DISCONNECTED @ https://app.wizscheduler.com/api/v1/billing/usage:0
[50880552ms] [ERROR] Failed to load resource: net::ERR_INTERNET_DISCONNECTED @ https://app.wizscheduler.com/api/v1/billing/usage:0
[50940551ms] [ERROR] Failed to load resource: net::ERR_INTERNET_DISCONNECTED @ https://app.wizscheduler.com/api/v1/billing/usage:0
[51000551ms] [ERROR] Failed to load resource: net::ERR_INTERNET_DISCONNECTED @ https://app.wizscheduler.com/api/v1/billing/usage:0
[51060553ms] [ERROR] Failed to load resource: net::ERR_INTERNET_DISCONNECTED @ https://app.wizscheduler.com/api/v1/billing/usage:0
[51120552ms] [ERROR] Failed to load resource: net::ERR_INTERNET_DISCONNECTED @ https://app.wizscheduler.com/api/v1/billing/usage:0
[51180552ms] [ERROR] Failed to load resource: net::ERR_INTERNET_DISCONNECTED @ https://app.wizscheduler.com/api/v1/billing/usage:0
[51240554ms] [ERROR] Failed to load resource: net::ERR_INTERNET_DISCONNECTED @ https://app.wizscheduler.com/api/v1/billing/usage:0
[51300552ms] [ERROR] Failed to load resource: net::ERR_INTERNET_DISCONNECTED @ https://app.wizscheduler.com/api/v1/billing/usage:0
[51360554ms] [ERROR] Failed to load resource: net::ERR_INTERNET_DISCONNECTED @ https://app.wizscheduler.com/api/v1/billing/usage:0
[51420555ms] [ERROR] Failed to load resource: net::ERR_INTERNET_DISCONNECTED @ https://app.wizscheduler.com/api/v1/billing/usage:0
[51480554ms] [ERROR] Failed to load resource: net::ERR_INTERNET_DISCONNECTED @ https://app.wizscheduler.com/api/v1/billing/usage:0
[51540555ms] [ERROR] Failed to load resource: net::ERR_INTERNET_DISCONNECTED @ https://app.wizscheduler.com/api/v1/billing/usage:0
[51600555ms] [ERROR] Failed to load resource: net::ERR_INTERNET_DISCONNECTED @ https://app.wizscheduler.com/api/v1/billing/usage:0
[51660556ms] [ERROR] Failed to load resource: net::ERR_INTERNET_DISCONNECTED @ https://app.wizscheduler.com/api/v1/billing/usage:0
[51720556ms] [ERROR] Failed to load resource: net::ERR_INTERNET_DISCONNECTED @ https://app.wizscheduler.com/api/v1/billing/usage:0
[51780557ms] [ERROR] Failed to load resource: net::ERR_INTERNET_DISCONNECTED @ https://app.wizscheduler.com/api/v1/billing/usage:0
[51840556ms] [ERROR] Failed to load resource: net::ERR_INTERNET_DISCONNECTED @ https://app.wizscheduler.com/api/v1/billing/usage:0
[51900556ms] [ERROR] Failed to load resource: net::ERR_INTERNET_DISCONNECTED @ https://app.wizscheduler.com/api/v1/billing/usage:0
[51960557ms] [ERROR] Failed to load resource: net::ERR_INTERNET_DISCONNECTED @ https://app.wizscheduler.com/api/v1/billing/usage:0
[52020557ms] [ERROR] Failed to load resource: net::ERR_INTERNET_DISCONNECTED @ https://app.wizscheduler.com/api/v1/billing/usage:0
[52080558ms] [ERROR] Failed to load resource: net::ERR_INTERNET_DISCONNECTED @ https://app.wizscheduler.com/api/v1/billing/usage:0
[52140554ms] [ERROR] Failed to load resource: net::ERR_INTERNET_DISCONNECTED @ https://app.wizscheduler.com/api/v1/billing/usage:0
[52200560ms] [ERROR] Failed to load resource: net::ERR_INTERNET_DISCONNECTED @ https://app.wizscheduler.com/api/v1/billing/usage:0
[52260559ms] [ERROR] Failed to load resource: net::ERR_INTERNET_DISCONNECTED @ https://app.wizscheduler.com/api/v1/billing/usage:0
[52320560ms] [ERROR] Failed to load resource: net::ERR_INTERNET_DISCONNECTED @ https://app.wizscheduler.com/api/v1/billing/usage:0
[52380560ms] [ERROR] Failed to load resource: net::ERR_INTERNET_DISCONNECTED @ https://app.wizscheduler.com/api/v1/billing/usage:0
[52440561ms] [ERROR] Failed to load resource: net::ERR_INTERNET_DISCONNECTED @ https://app.wizscheduler.com/api/v1/billing/usage:0
[52500562ms] [ERROR] Failed to load resource: net::ERR_INTERNET_DISCONNECTED @ https://app.wizscheduler.com/api/v1/billing/usage:0
[52560561ms] [ERROR] Failed to load resource: net::ERR_INTERNET_DISCONNECTED @ https://app.wizscheduler.com/api/v1/billing/usage:0
[52620560ms] [ERROR] Failed to load resource: net::ERR_INTERNET_DISCONNECTED @ https://app.wizscheduler.com/api/v1/billing/usage:0
[52680562ms] [ERROR] Failed to load resource: net::ERR_INTERNET_DISCONNECTED @ https://app.wizscheduler.com/api/v1/billing/usage:0
[52740563ms] [ERROR] Failed to load resource: net::ERR_INTERNET_DISCONNECTED @ https://app.wizscheduler.com/api/v1/billing/usage:0
[52800562ms] [ERROR] Failed to load resource: net::ERR_INTERNET_DISCONNECTED @ https://app.wizscheduler.com/api/v1/billing/usage:0
[52860563ms] [ERROR] Failed to load resource: net::ERR_INTERNET_DISCONNECTED @ https://app.wizscheduler.com/api/v1/billing/usage:0
[52920564ms] [ERROR] Failed to load resource: net::ERR_INTERNET_DISCONNECTED @ https://app.wizscheduler.com/api/v1/billing/usage:0
[52980564ms] [ERROR] Failed to load resource: net::ERR_INTERNET_DISCONNECTED @ https://app.wizscheduler.com/api/v1/billing/usage:0
[53040565ms] [ERROR] Failed to load resource: net::ERR_INTERNET_DISCONNECTED @ https://app.wizscheduler.com/api/v1/billing/usage:0
[53100565ms] [ERROR] Failed to load resource: net::ERR_INTERNET_DISCONNECTED @ https://app.wizscheduler.com/api/v1/billing/usage:0
[53160566ms] [ERROR] Failed to load resource: net::ERR_INTERNET_DISCONNECTED @ https://app.wizscheduler.com/api/v1/billing/usage:0
[53220567ms] [ERROR] Failed to load resource: net::ERR_INTERNET_DISCONNECTED @ https://app.wizscheduler.com/api/v1/billing/usage:0
[53280566ms] [ERROR] Failed to load resource: net::ERR_INTERNET_DISCONNECTED @ https://app.wizscheduler.com/api/v1/billing/usage:0
[53340564ms] [ERROR] Failed to load resource: net::ERR_INTERNET_DISCONNECTED @ https://app.wizscheduler.com/api/v1/billing/usage:0
[53400566ms] [ERROR] Failed to load resource: net::ERR_INTERNET_DISCONNECTED @ https://app.wizscheduler.com/api/v1/billing/usage:0
[53460568ms] [ERROR] Failed to load resource: net::ERR_INTERNET_DISCONNECTED @ https://app.wizscheduler.com/api/v1/billing/usage:0
[53520567ms] [ERROR] Failed to load resource: net::ERR_INTERNET_DISCONNECTED @ https://app.wizscheduler.com/api/v1/billing/usage:0
[53580567ms] [ERROR] Failed to load resource: net::ERR_INTERNET_DISCONNECTED @ https://app.wizscheduler.com/api/v1/billing/usage:0
[53640570ms] [ERROR] Failed to load resource: net::ERR_INTERNET_DISCONNECTED @ https://app.wizscheduler.com/api/v1/billing/usage:0
[53700569ms] [ERROR] Failed to load resource: net::ERR_INTERNET_DISCONNECTED @ https://app.wizscheduler.com/api/v1/billing/usage:0
[53760569ms] [ERROR] Failed to load resource: net::ERR_INTERNET_DISCONNECTED @ https://app.wizscheduler.com/api/v1/billing/usage:0
[53820568ms] [ERROR] Failed to load resource: net::ERR_INTERNET_DISCONNECTED @ https://app.wizscheduler.com/api/v1/billing/usage:0
[53880571ms] [ERROR] Failed to load resource: net::ERR_INTERNET_DISCONNECTED @ https://app.wizscheduler.com/api/v1/billing/usage:0
[53940570ms] [ERROR] Failed to load resource: net::ERR_INTERNET_DISCONNECTED @ https://app.wizscheduler.com/api/v1/billing/usage:0
[54000572ms] [ERROR] Failed to load resource: net::ERR_INTERNET_DISCONNECTED @ https://app.wizscheduler.com/api/v1/billing/usage:0
[54060572ms] [ERROR] Failed to load resource: net::ERR_INTERNET_DISCONNECTED @ https://app.wizscheduler.com/api/v1/billing/usage:0
[54120573ms] [ERROR] Failed to load resource: net::ERR_INTERNET_DISCONNECTED @ https://app.wizscheduler.com/api/v1/billing/usage:0
[54180572ms] [ERROR] Failed to load resource: net::ERR_INTERNET_DISCONNECTED @ https://app.wizscheduler.com/api/v1/billing/usage:0
[54240570ms] [ERROR] Failed to load resource: net::ERR_INTERNET_DISCONNECTED @ https://app.wizscheduler.com/api/v1/billing/usage:0
[54300573ms] [ERROR] Failed to load resource: net::ERR_INTERNET_DISCONNECTED @ https://app.wizscheduler.com/api/v1/billing/usage:0
[54360573ms] [ERROR] Failed to load resource: net::ERR_INTERNET_DISCONNECTED @ https://app.wizscheduler.com/api/v1/billing/usage:0
[54420573ms] [ERROR] Failed to load resource: net::ERR_INTERNET_DISCONNECTED @ https://app.wizscheduler.com/api/v1/billing/usage:0
[54480574ms] [ERROR] Failed to load resource: net::ERR_INTERNET_DISCONNECTED @ https://app.wizscheduler.com/api/v1/billing/usage:0
[54540572ms] [ERROR] Failed to load resource: net::ERR_INTERNET_DISCONNECTED @ https://app.wizscheduler.com/api/v1/billing/usage:0
[54600575ms] [ERROR] Failed to load resource: net::ERR_INTERNET_DISCONNECTED @ https://app.wizscheduler.com/api/v1/billing/usage:0
[54660575ms] [ERROR] Failed to load resource: net::ERR_INTERNET_DISCONNECTED @ https://app.wizscheduler.com/api/v1/billing/usage:0
[54720575ms] [ERROR] Failed to load resource: net::ERR_INTERNET_DISCONNECTED @ https://app.wizscheduler.com/api/v1/billing/usage:0
[54780575ms] [ERROR] Failed to load resource: net::ERR_INTERNET_DISCONNECTED @ https://app.wizscheduler.com/api/v1/billing/usage:0
[54840574ms] [ERROR] Failed to load resource: net::ERR_INTERNET_DISCONNECTED @ https://app.wizscheduler.com/api/v1/billing/usage:0
[54900683ms] [ERROR] Failed to load resource: net::ERR_INTERNET_DISCONNECTED @ https://app.wizscheduler.com/api/v1/billing/usage:0
[54960576ms] [ERROR] Failed to load resource: net::ERR_INTERNET_DISCONNECTED @ https://app.wizscheduler.com/api/v1/billing/usage:0
[55020577ms] [ERROR] Failed to load resource: net::ERR_INTERNET_DISCONNECTED @ https://app.wizscheduler.com/api/v1/billing/usage:0
[55080576ms] [ERROR] Failed to load resource: net::ERR_INTERNET_DISCONNECTED @ https://app.wizscheduler.com/api/v1/billing/usage:0
[55140577ms] [ERROR] Failed to load resource: net::ERR_INTERNET_DISCONNECTED @ https://app.wizscheduler.com/api/v1/billing/usage:0
[55200578ms] [ERROR] Failed to load resource: net::ERR_INTERNET_DISCONNECTED @ https://app.wizscheduler.com/api/v1/billing/usage:0
[55260578ms] [ERROR] Failed to load resource: net::ERR_INTERNET_DISCONNECTED @ https://app.wizscheduler.com/api/v1/billing/usage:0
[55320579ms] [ERROR] Failed to load resource: net::ERR_INTERNET_DISCONNECTED @ https://app.wizscheduler.com/api/v1/billing/usage:0
[55380578ms] [ERROR] Failed to load resource: net::ERR_INTERNET_DISCONNECTED @ https://app.wizscheduler.com/api/v1/billing/usage:0
[55440579ms] [ERROR] Failed to load resource: net::ERR_INTERNET_DISCONNECTED @ https://app.wizscheduler.com/api/v1/billing/usage:0
[55500579ms] [ERROR] Failed to load resource: net::ERR_INTERNET_DISCONNECTED @ https://app.wizscheduler.com/api/v1/billing/usage:0
[55560581ms] [ERROR] Failed to load resource: net::ERR_INTERNET_DISCONNECTED @ https://app.wizscheduler.com/api/v1/billing/usage:0
[55620581ms] [ERROR] Failed to load resource: net::ERR_INTERNET_DISCONNECTED @ https://app.wizscheduler.com/api/v1/billing/usage:0
[55680578ms] [ERROR] Failed to load resource: net::ERR_INTERNET_DISCONNECTED @ https://app.wizscheduler.com/api/v1/billing/usage:0
[55740581ms] [ERROR] Failed to load resource: net::ERR_INTERNET_DISCONNECTED @ https://app.wizscheduler.com/api/v1/billing/usage:0
[55800581ms] [ERROR] Failed to load resource: net::ERR_INTERNET_DISCONNECTED @ https://app.wizscheduler.com/api/v1/billing/usage:0
[55860580ms] [ERROR] Failed to load resource: net::ERR_INTERNET_DISCONNECTED @ https://app.wizscheduler.com/api/v1/billing/usage:0
[55920582ms] [ERROR] Failed to load resource: net::ERR_INTERNET_DISCONNECTED @ https://app.wizscheduler.com/api/v1/billing/usage:0
[55980584ms] [ERROR] Failed to load resource: net::ERR_INTERNET_DISCONNECTED @ https://app.wizscheduler.com/api/v1/billing/usage:0
[56040585ms] [ERROR] Failed to load resource: net::ERR_INTERNET_DISCONNECTED @ https://app.wizscheduler.com/api/v1/billing/usage:0
[56100584ms] [ERROR] Failed to load resource: net::ERR_INTERNET_DISCONNECTED @ https://app.wizscheduler.com/api/v1/billing/usage:0
[56160582ms] [ERROR] Failed to load resource: net::ERR_INTERNET_DISCONNECTED @ https://app.wizscheduler.com/api/v1/billing/usage:0
[56220586ms] [ERROR] Failed to load resource: net::ERR_INTERNET_DISCONNECTED @ https://app.wizscheduler.com/api/v1/billing/usage:0
[56280585ms] [ERROR] Failed to load resource: net::ERR_INTERNET_DISCONNECTED @ https://app.wizscheduler.com/api/v1/billing/usage:0
[56340586ms] [ERROR] Failed to load resource: net::ERR_INTERNET_DISCONNECTED @ https://app.wizscheduler.com/api/v1/billing/usage:0
[56400586ms] [ERROR] Failed to load resource: net::ERR_INTERNET_DISCONNECTED @ https://app.wizscheduler.com/api/v1/billing/usage:0
[56460584ms] [ERROR] Failed to load resource: net::ERR_INTERNET_DISCONNECTED @ https://app.wizscheduler.com/api/v1/billing/usage:0
[56520587ms] [ERROR] Failed to load resource: net::ERR_INTERNET_DISCONNECTED @ https://app.wizscheduler.com/api/v1/billing/usage:0
[56580592ms] [ERROR] Failed to load resource: net::ERR_INTERNET_DISCONNECTED @ https://app.wizscheduler.com/api/v1/billing/usage:0
[57868612ms] [ERROR] Failed to load resource: net::ERR_INTERNET_DISCONNECTED @ https://app.wizscheduler.com/api/v1/billing/usage:0
[58949103ms] [ERROR] Failed to load resource: net::ERR_INTERNET_DISCONNECTED @ https://app.wizscheduler.com/api/v1/billing/usage:0
[59962214ms] [ERROR] Failed to load resource: net::ERR_INTERNET_DISCONNECTED @ https://app.wizscheduler.com/api/v1/billing/usage:0
[60823026ms] [ERROR] Failed to load resource: net::ERR_INTERNET_DISCONNECTED @ https://app.wizscheduler.com/api/v1/billing/usage:0
[60883017ms] [ERROR] Failed to load resource: net::ERR_INTERNET_DISCONNECTED @ https://app.wizscheduler.com/api/v1/billing/usage:0
[60943021ms] [ERROR] Failed to load resource: net::ERR_INTERNET_DISCONNECTED @ https://app.wizscheduler.com/api/v1/billing/usage:0
[61002859ms] [ERROR] Failed to load resource: the server responded with a status of 401 () @ https://app.wizscheduler.com/api/v1/billing/usage:0
[61062793ms] [ERROR] Failed to load resource: the server responded with a status of 401 () @ https://app.wizscheduler.com/api/v1/billing/usage:0
[61122702ms] [ERROR] Failed to load resource: the server responded with a status of 401 () @ https://app.wizscheduler.com/api/v1/billing/usage:0
[61182697ms] [ERROR] Failed to load resource: the server responded with a status of 401 () @ https://app.wizscheduler.com/api/v1/billing/usage:0
[61242694ms] [ERROR] Failed to load resource: the server responded with a status of 401 () @ https://app.wizscheduler.com/api/v1/billing/usage:0
[61302694ms] [ERROR] Failed to load resource: the server responded with a status of 401 () @ https://app.wizscheduler.com/api/v1/billing/usage:0
[61362693ms] [ERROR] Failed to load resource: the server responded with a status of 401 () @ https://app.wizscheduler.com/api/v1/billing/usage:0
[61422691ms] [ERROR] Failed to load resource: the server responded with a status of 401 () @ https://app.wizscheduler.com/api/v1/billing/usage:0
[61482703ms] [ERROR] Failed to load resource: the server responded with a status of 401 () @ https://app.wizscheduler.com/api/v1/billing/usage:0
[61542691ms] [ERROR] Failed to load resource: the server responded with a status of 401 () @ https://app.wizscheduler.com/api/v1/billing/usage:0
[61602688ms] [ERROR] Failed to load resource: the server responded with a status of 401 () @ https://app.wizscheduler.com/api/v1/billing/usage:0
[61662706ms] [ERROR] Failed to load resource: the server responded with a status of 401 () @ https://app.wizscheduler.com/api/v1/billing/usage:0
[61722690ms] [ERROR] Failed to load resource: the server responded with a status of 401 () @ https://app.wizscheduler.com/api/v1/billing/usage:0
[61782688ms] [ERROR] Failed to load resource: the server responded with a status of 401 () @ https://app.wizscheduler.com/api/v1/billing/usage:0
[61842704ms] [ERROR] Failed to load resource: the server responded with a status of 401 () @ https://app.wizscheduler.com/api/v1/billing/usage:0
[61902700ms] [ERROR] Failed to load resource: the server responded with a status of 401 () @ https://app.wizscheduler.com/api/v1/billing/usage:0
[61962704ms] [ERROR] Failed to load resource: the server responded with a status of 401 () @ https://app.wizscheduler.com/api/v1/billing/usage:0
[62022690ms] [ERROR] Failed to load resource: the server responded with a status of 401 () @ https://app.wizscheduler.com/api/v1/billing/usage:0
[62082709ms] [ERROR] Failed to load resource: the server responded with a status of 401 () @ https://app.wizscheduler.com/api/v1/billing/usage:0
[62142701ms] [ERROR] Failed to load resource: the server responded with a status of 401 () @ https://app.wizscheduler.com/api/v1/billing/usage:0
[62202694ms] [ERROR] Failed to load resource: the server responded with a status of 401 () @ https://app.wizscheduler.com/api/v1/billing/usage:0
[62262696ms] [ERROR] Failed to load resource: the server responded with a status of 401 () @ https://app.wizscheduler.com/api/v1/billing/usage:0
[62322695ms] [ERROR] Failed to load resource: the server responded with a status of 401 () @ https://app.wizscheduler.com/api/v1/billing/usage:0
[62382700ms] [ERROR] Failed to load resource: the server responded with a status of 401 () @ https://app.wizscheduler.com/api/v1/billing/usage:0
[62442695ms] [ERROR] Failed to load resource: the server responded with a status of 401 () @ https://app.wizscheduler.com/api/v1/billing/usage:0
[62502687ms] [ERROR] Failed to load resource: the server responded with a status of 401 () @ https://app.wizscheduler.com/api/v1/billing/usage:0
[62562684ms] [ERROR] Failed to load resource: the server responded with a status of 401 () @ https://app.wizscheduler.com/api/v1/billing/usage:0
[62622691ms] [ERROR] Failed to load resource: the server responded with a status of 401 () @ https://app.wizscheduler.com/api/v1/billing/usage:0
[62682686ms] [ERROR] Failed to load resource: the server responded with a status of 401 () @ https://app.wizscheduler.com/api/v1/billing/usage:0
[62742690ms] [ERROR] Failed to load resource: the server responded with a status of 401 () @ https://app.wizscheduler.com/api/v1/billing/usage:0
[62802678ms] [ERROR] Failed to load resource: the server responded with a status of 401 () @ https://app.wizscheduler.com/api/v1/billing/usage:0
[62862700ms] [ERROR] Failed to load resource: the server responded with a status of 401 () @ https://app.wizscheduler.com/api/v1/billing/usage:0
[62922681ms] [ERROR] Failed to load resource: the server responded with a status of 401 () @ https://app.wizscheduler.com/api/v1/billing/usage:0
[62982673ms] [ERROR] Failed to load resource: the server responded with a status of 401 () @ https://app.wizscheduler.com/api/v1/billing/usage:0
[63042685ms] [ERROR] Failed to load resource: the server responded with a status of 401 () @ https://app.wizscheduler.com/api/v1/billing/usage:0
[63102674ms] [ERROR] Failed to load resource: the server responded with a status of 401 () @ https://app.wizscheduler.com/api/v1/billing/usage:0
[63162686ms] [ERROR] Failed to load resource: the server responded with a status of 401 () @ https://app.wizscheduler.com/api/v1/billing/usage:0
[63222676ms] [ERROR] Failed to load resource: the server responded with a status of 401 () @ https://app.wizscheduler.com/api/v1/billing/usage:0
[63282679ms] [ERROR] Failed to load resource: the server responded with a status of 401 () @ https://app.wizscheduler.com/api/v1/billing/usage:0
[63342675ms] [ERROR] Failed to load resource: the server responded with a status of 401 () @ https://app.wizscheduler.com/api/v1/billing/usage:0
[63402674ms] [ERROR] Failed to load resource: the server responded with a status of 401 () @ https://app.wizscheduler.com/api/v1/billing/usage:0
[63462673ms] [ERROR] Failed to load resource: the server responded with a status of 401 () @ https://app.wizscheduler.com/api/v1/billing/usage:0
[63522675ms] [ERROR] Failed to load resource: the server responded with a status of 401 () @ https://app.wizscheduler.com/api/v1/billing/usage:0
[63582676ms] [ERROR] Failed to load resource: the server responded with a status of 401 () @ https://app.wizscheduler.com/api/v1/billing/usage:0
[63642668ms] [ERROR] Failed to load resource: the server responded with a status of 401 () @ https://app.wizscheduler.com/api/v1/billing/usage:0
[63702669ms] [ERROR] Failed to load resource: the server responded with a status of 401 () @ https://app.wizscheduler.com/api/v1/billing/usage:0
[63762669ms] [ERROR] Failed to load resource: the server responded with a status of 401 () @ https://app.wizscheduler.com/api/v1/billing/usage:0
[63822669ms] [ERROR] Failed to load resource: the server responded with a status of 401 () @ https://app.wizscheduler.com/api/v1/billing/usage:0
[63882661ms] [ERROR] Failed to load resource: the server responded with a status of 401 () @ https://app.wizscheduler.com/api/v1/billing/usage:0
[63942668ms] [ERROR] Failed to load resource: the server responded with a status of 401 () @ https://app.wizscheduler.com/api/v1/billing/usage:0
[64002661ms] [ERROR] Failed to load resource: the server responded with a status of 401 () @ https://app.wizscheduler.com/api/v1/billing/usage:0
[64062662ms] [ERROR] Failed to load resource: the server responded with a status of 401 () @ https://app.wizscheduler.com/api/v1/billing/usage:0
[64122683ms] [ERROR] Failed to load resource: the server responded with a status of 401 () @ https://app.wizscheduler.com/api/v1/billing/usage:0
[64182665ms] [ERROR] Failed to load resource: the server responded with a status of 401 () @ https://app.wizscheduler.com/api/v1/billing/usage:0
[64242674ms] [ERROR] Failed to load resource: the server responded with a status of 401 () @ https://app.wizscheduler.com/api/v1/billing/usage:0
[64302662ms] [ERROR] Failed to load resource: the server responded with a status of 401 () @ https://app.wizscheduler.com/api/v1/billing/usage:0
[64362673ms] [ERROR] Failed to load resource: the server responded with a status of 401 () @ https://app.wizscheduler.com/api/v1/billing/usage:0
[64422683ms] [ERROR] Failed to load resource: the server responded with a status of 401 () @ https://app.wizscheduler.com/api/v1/billing/usage:0
[64482684ms] [ERROR] Failed to load resource: the server responded with a status of 401 () @ https://app.wizscheduler.com/api/v1/billing/usage:0
[64542662ms] [ERROR] Failed to load resource: the server responded with a status of 401 () @ https://app.wizscheduler.com/api/v1/billing/usage:0
[64602669ms] [ERROR] Failed to load resource: the server responded with a status of 401 () @ https://app.wizscheduler.com/api/v1/billing/usage:0
[64662661ms] [ERROR] Failed to load resource: the server responded with a status of 401 () @ https://app.wizscheduler.com/api/v1/billing/usage:0
[64722660ms] [ERROR] Failed to load resource: the server responded with a status of 401 () @ https://app.wizscheduler.com/api/v1/billing/usage:0
[64782667ms] [ERROR] Failed to load resource: the server responded with a status of 401 () @ https://app.wizscheduler.com/api/v1/billing/usage:0
[64842666ms] [ERROR] Failed to load resource: the server responded with a status of 401 () @ https://app.wizscheduler.com/api/v1/billing/usage:0
[64902675ms] [ERROR] Failed to load resource: the server responded with a status of 401 () @ https://app.wizscheduler.com/api/v1/billing/usage:0
[64962672ms] [ERROR] Failed to load resource: the server responded with a status of 401 () @ https://app.wizscheduler.com/api/v1/billing/usage:0
[65022674ms] [ERROR] Failed to load resource: the server responded with a status of 401 () @ https://app.wizscheduler.com/api/v1/billing/usage:0
[65082676ms] [ERROR] Failed to load resource: the server responded with a status of 401 () @ https://app.wizscheduler.com/api/v1/billing/usage:0
[65142681ms] [ERROR] Failed to load resource: the server responded with a status of 401 () @ https://app.wizscheduler.com/api/v1/billing/usage:0
[65202668ms] [ERROR] Failed to load resource: the server responded with a status of 401 () @ https://app.wizscheduler.com/api/v1/billing/usage:0
[65262676ms] [ERROR] Failed to load resource: the server responded with a status of 401 () @ https://app.wizscheduler.com/api/v1/billing/usage:0
[65322676ms] [ERROR] Failed to load resource: the server responded with a status of 401 () @ https://app.wizscheduler.com/api/v1/billing/usage:0
[65382672ms] [ERROR] Failed to load resource: the server responded with a status of 401 () @ https://app.wizscheduler.com/api/v1/billing/usage:0
[65442683ms] [ERROR] Failed to load resource: the server responded with a status of 401 () @ https://app.wizscheduler.com/api/v1/billing/usage:0
[65502679ms] [ERROR] Failed to load resource: the server responded with a status of 401 () @ https://app.wizscheduler.com/api/v1/billing/usage:0
[65562674ms] [ERROR] Failed to load resource: the server responded with a status of 401 () @ https://app.wizscheduler.com/api/v1/billing/usage:0
[65622676ms] [ERROR] Failed to load resource: the server responded with a status of 401 () @ https://app.wizscheduler.com/api/v1/billing/usage:0
[65682674ms] [ERROR] Failed to load resource: the server responded with a status of 401 () @ https://app.wizscheduler.com/api/v1/billing/usage:0
[65742681ms] [ERROR] Failed to load resource: the server responded with a status of 401 () @ https://app.wizscheduler.com/api/v1/billing/usage:0
[65802668ms] [ERROR] Failed to load resource: the server responded with a status of 401 () @ https://app.wizscheduler.com/api/v1/billing/usage:0
[65862670ms] [ERROR] Failed to load resource: the server responded with a status of 401 () @ https://app.wizscheduler.com/api/v1/billing/usage:0
[65922671ms] [ERROR] Failed to load resource: the server responded with a status of 401 () @ https://app.wizscheduler.com/api/v1/billing/usage:0
[65982677ms] [ERROR] Failed to load resource: the server responded with a status of 401 () @ https://app.wizscheduler.com/api/v1/billing/usage:0
[66042674ms] [ERROR] Failed to load resource: the server responded with a status of 401 () @ https://app.wizscheduler.com/api/v1/billing/usage:0
[66102674ms] [ERROR] Failed to load resource: the server responded with a status of 401 () @ https://app.wizscheduler.com/api/v1/billing/usage:0
[66162669ms] [ERROR] Failed to load resource: the server responded with a status of 401 () @ https://app.wizscheduler.com/api/v1/billing/usage:0
[66222670ms] [ERROR] Failed to load resource: the server responded with a status of 401 () @ https://app.wizscheduler.com/api/v1/billing/usage:0
[66282673ms] [ERROR] Failed to load resource: the server responded with a status of 401 () @ https://app.wizscheduler.com/api/v1/billing/usage:0
[66342673ms] [ERROR] Failed to load resource: the server responded with a status of 401 () @ https://app.wizscheduler.com/api/v1/billing/usage:0
[66402680ms] [ERROR] Failed to load resource: the server responded with a status of 401 () @ https://app.wizscheduler.com/api/v1/billing/usage:0
[66462672ms] [ERROR] Failed to load resource: the server responded with a status of 401 () @ https://app.wizscheduler.com/api/v1/billing/usage:0
[66522672ms] [ERROR] Failed to load resource: the server responded with a status of 401 () @ https://app.wizscheduler.com/api/v1/billing/usage:0
[66582686ms] [ERROR] Failed to load resource: the server responded with a status of 401 () @ https://app.wizscheduler.com/api/v1/billing/usage:0
[66642669ms] [ERROR] Failed to load resource: the server responded with a status of 401 () @ https://app.wizscheduler.com/api/v1/billing/usage:0
[66702674ms] [ERROR] Failed to load resource: the server responded with a status of 401 () @ https://app.wizscheduler.com/api/v1/billing/usage:0
[66762673ms] [ERROR] Failed to load resource: the server responded with a status of 401 () @ https://app.wizscheduler.com/api/v1/billing/usage:0
[66822677ms] [ERROR] Failed to load resource: the server responded with a status of 401 () @ https://app.wizscheduler.com/api/v1/billing/usage:0
[66882669ms] [ERROR] Failed to load resource: the server responded with a status of 401 () @ https://app.wizscheduler.com/api/v1/billing/usage:0
[66942665ms] [ERROR] Failed to load resource: the server responded with a status of 401 () @ https://app.wizscheduler.com/api/v1/billing/usage:0
[67002683ms] [ERROR] Failed to load resource: the server responded with a status of 401 () @ https://app.wizscheduler.com/api/v1/billing/usage:0
[67062669ms] [ERROR] Failed to load resource: the server responded with a status of 401 () @ https://app.wizscheduler.com/api/v1/billing/usage:0
[67122665ms] [ERROR] Failed to load resource: the server responded with a status of 401 () @ https://app.wizscheduler.com/api/v1/billing/usage:0
[67182699ms] [ERROR] Failed to load resource: the server responded with a status of 401 () @ https://app.wizscheduler.com/api/v1/billing/usage:0
[67242703ms] [ERROR] Failed to load resource: the server responded with a status of 401 () @ https://app.wizscheduler.com/api/v1/billing/usage:0
[67302703ms] [ERROR] Failed to load resource: the server responded with a status of 401 () @ https://app.wizscheduler.com/api/v1/billing/usage:0
[67362706ms] [ERROR] Failed to load resource: the server responded with a status of 401 () @ https://app.wizscheduler.com/api/v1/billing/usage:0
[67422704ms] [ERROR] Failed to load resource: the server responded with a status of 401 () @ https://app.wizscheduler.com/api/v1/billing/usage:0
[67482706ms] [ERROR] Failed to load resource: the server responded with a status of 401 () @ https://app.wizscheduler.com/api/v1/billing/usage:0
[67542710ms] [ERROR] Failed to load resource: the server responded with a status of 401 () @ https://app.wizscheduler.com/api/v1/billing/usage:0
[67602711ms] [ERROR] Failed to load resource: the server responded with a status of 401 () @ https://app.wizscheduler.com/api/v1/billing/usage:0
[67662706ms] [ERROR] Failed to load resource: the server responded with a status of 401 () @ https://app.wizscheduler.com/api/v1/billing/usage:0
[67722717ms] [ERROR] Failed to load resource: the server responded with a status of 401 () @ https://app.wizscheduler.com/api/v1/billing/usage:0
[67782713ms] [ERROR] Failed to load resource: the server responded with a status of 401 () @ https://app.wizscheduler.com/api/v1/billing/usage:0
[67842724ms] [ERROR] Failed to load resource: the server responded with a status of 401 () @ https://app.wizscheduler.com/api/v1/billing/usage:0
[67902706ms] [ERROR] Failed to load resource: the server responded with a status of 401 () @ https://app.wizscheduler.com/api/v1/billing/usage:0
[67962712ms] [ERROR] Failed to load resource: the server responded with a status of 401 () @ https://app.wizscheduler.com/api/v1/billing/usage:0
[68022710ms] [ERROR] Failed to load resource: the server responded with a status of 401 () @ https://app.wizscheduler.com/api/v1/billing/usage:0
[68082714ms] [ERROR] Failed to load resource: the server responded with a status of 401 () @ https://app.wizscheduler.com/api/v1/billing/usage:0
[68142716ms] [ERROR] Failed to load resource: the server responded with a status of 401 () @ https://app.wizscheduler.com/api/v1/billing/usage:0
[68202715ms] [ERROR] Failed to load resource: the server responded with a status of 401 () @ https://app.wizscheduler.com/api/v1/billing/usage:0
[68262719ms] [ERROR] Failed to load resource: the server responded with a status of 401 () @ https://app.wizscheduler.com/api/v1/billing/usage:0
[68322711ms] [ERROR] Failed to load resource: the server responded with a status of 401 () @ https://app.wizscheduler.com/api/v1/billing/usage:0
[68382721ms] [ERROR] Failed to load resource: the server responded with a status of 401 () @ https://app.wizscheduler.com/api/v1/billing/usage:0
[68442717ms] [ERROR] Failed to load resource: the server responded with a status of 401 () @ https://app.wizscheduler.com/api/v1/billing/usage:0
[68502716ms] [ERROR] Failed to load resource: the server responded with a status of 401 () @ https://app.wizscheduler.com/api/v1/billing/usage:0
[68562718ms] [ERROR] Failed to load resource: the server responded with a status of 401 () @ https://app.wizscheduler.com/api/v1/billing/usage:0
[68622728ms] [ERROR] Failed to load resource: the server responded with a status of 401 () @ https://app.wizscheduler.com/api/v1/billing/usage:0
[68682719ms] [ERROR] Failed to load resource: the server responded with a status of 401 () @ https://app.wizscheduler.com/api/v1/billing/usage:0
[68742732ms] [ERROR] Failed to load resource: the server responded with a status of 401 () @ https://app.wizscheduler.com/api/v1/billing/usage:0
[68802729ms] [ERROR] Failed to load resource: the server responded with a status of 401 () @ https://app.wizscheduler.com/api/v1/billing/usage:0
[68862718ms] [ERROR] Failed to load resource: the server responded with a status of 401 () @ https://app.wizscheduler.com/api/v1/billing/usage:0
[68922723ms] [ERROR] Failed to load resource: the server responded with a status of 401 () @ https://app.wizscheduler.com/api/v1/billing/usage:0
[68982721ms] [ERROR] Failed to load resource: the server responded with a status of 401 () @ https://app.wizscheduler.com/api/v1/billing/usage:0
[69042722ms] [ERROR] Failed to load resource: the server responded with a status of 401 () @ https://app.wizscheduler.com/api/v1/billing/usage:0
[69102732ms] [ERROR] Failed to load resource: the server responded with a status of 401 () @ https://app.wizscheduler.com/api/v1/billing/usage:0
[69162734ms] [ERROR] Failed to load resource: the server responded with a status of 401 () @ https://app.wizscheduler.com/api/v1/billing/usage:0
[69222737ms] [ERROR] Failed to load resource: the server responded with a status of 401 () @ https://app.wizscheduler.com/api/v1/billing/usage:0
[69282732ms] [ERROR] Failed to load resource: the server responded with a status of 401 () @ https://app.wizscheduler.com/api/v1/billing/usage:0
[69342739ms] [ERROR] Failed to load resource: the server responded with a status of 401 () @ https://app.wizscheduler.com/api/v1/billing/usage:0
[69402718ms] [ERROR] Failed to load resource: the server responded with a status of 401 () @ https://app.wizscheduler.com/api/v1/billing/usage:0
[69462712ms] [ERROR] Failed to load resource: the server responded with a status of 401 () @ https://app.wizscheduler.com/api/v1/billing/usage:0
[69522707ms] [ERROR] Failed to load resource: the server responded with a status of 401 () @ https://app.wizscheduler.com/api/v1/billing/usage:0
[69582703ms] [ERROR] Failed to load resource: the server responded with a status of 401 () @ https://app.wizscheduler.com/api/v1/billing/usage:0
[69642710ms] [ERROR] Failed to load resource: the server responded with a status of 401 () @ https://app.wizscheduler.com/api/v1/billing/usage:0
[69702701ms] [ERROR] Failed to load resource: the server responded with a status of 401 () @ https://app.wizscheduler.com/api/v1/billing/usage:0
[69762707ms] [ERROR] Failed to load resource: the server responded with a status of 401 () @ https://app.wizscheduler.com/api/v1/billing/usage:0
[69822704ms] [ERROR] Failed to load resource: the server responded with a status of 401 () @ https://app.wizscheduler.com/api/v1/billing/usage:0
[69882708ms] [ERROR] Failed to load resource: the server responded with a status of 401 () @ https://app.wizscheduler.com/api/v1/billing/usage:0
[69942699ms] [ERROR] Failed to load resource: the server responded with a status of 401 () @ https://app.wizscheduler.com/api/v1/billing/usage:0
[70002703ms] [ERROR] Failed to load resource: the server responded with a status of 401 () @ https://app.wizscheduler.com/api/v1/billing/usage:0
[70062704ms] [ERROR] Failed to load resource: the server responded with a status of 401 () @ https://app.wizscheduler.com/api/v1/billing/usage:0
[70122708ms] [ERROR] Failed to load resource: the server responded with a status of 401 () @ https://app.wizscheduler.com/api/v1/billing/usage:0
[70182719ms] [ERROR] Failed to load resource: the server responded with a status of 401 () @ https://app.wizscheduler.com/api/v1/billing/usage:0
[70242702ms] [ERROR] Failed to load resource: the server responded with a status of 401 () @ https://app.wizscheduler.com/api/v1/billing/usage:0
[70302709ms] [ERROR] Failed to load resource: the server responded with a status of 401 () @ https://app.wizscheduler.com/api/v1/billing/usage:0
[70362706ms] [ERROR] Failed to load resource: the server responded with a status of 401 () @ https://app.wizscheduler.com/api/v1/billing/usage:0
[70422702ms] [ERROR] Failed to load resource: the server responded with a status of 401 () @ https://app.wizscheduler.com/api/v1/billing/usage:0
[70482707ms] [ERROR] Failed to load resource: the server responded with a status of 401 () @ https://app.wizscheduler.com/api/v1/billing/usage:0
[70542716ms] [ERROR] Failed to load resource: the server responded with a status of 401 () @ https://app.wizscheduler.com/api/v1/billing/usage:0
[70602701ms] [ERROR] Failed to load resource: the server responded with a status of 401 () @ https://app.wizscheduler.com/api/v1/billing/usage:0
[70662706ms] [ERROR] Failed to load resource: the server responded with a status of 401 () @ https://app.wizscheduler.com/api/v1/billing/usage:0
[70722701ms] [ERROR] Failed to load resource: the server responded with a status of 401 () @ https://app.wizscheduler.com/api/v1/billing/usage:0
[70782706ms] [ERROR] Failed to load resource: the server responded with a status of 401 () @ https://app.wizscheduler.com/api/v1/billing/usage:0
[70842694ms] [ERROR] Failed to load resource: the server responded with a status of 401 () @ https://app.wizscheduler.com/api/v1/billing/usage:0
[70902703ms] [ERROR] Failed to load resource: the server responded with a status of 401 () @ https://app.wizscheduler.com/api/v1/billing/usage:0
[70962706ms] [ERROR] Failed to load resource: the server responded with a status of 401 () @ https://app.wizscheduler.com/api/v1/billing/usage:0
[71022709ms] [ERROR] Failed to load resource: the server responded with a status of 401 () @ https://app.wizscheduler.com/api/v1/billing/usage:0
[71082714ms] [ERROR] Failed to load resource: the server responded with a status of 401 () @ https://app.wizscheduler.com/api/v1/billing/usage:0
[71142711ms] [ERROR] Failed to load resource: the server responded with a status of 401 () @ https://app.wizscheduler.com/api/v1/billing/usage:0
[71202700ms] [ERROR] Failed to load resource: the server responded with a status of 401 () @ https://app.wizscheduler.com/api/v1/billing/usage:0
[71262714ms] [ERROR] Failed to load resource: the server responded with a status of 401 () @ https://app.wizscheduler.com/api/v1/billing/usage:0
[71322706ms] [ERROR] Failed to load resource: the server responded with a status of 401 () @ https://app.wizscheduler.com/api/v1/billing/usage:0
[71382703ms] [ERROR] Failed to load resource: the server responded with a status of 401 () @ https://app.wizscheduler.com/api/v1/billing/usage:0
[71442714ms] [ERROR] Failed to load resource: the server responded with a status of 401 () @ https://app.wizscheduler.com/api/v1/billing/usage:0
[71502702ms] [ERROR] Failed to load resource: the server responded with a status of 401 () @ https://app.wizscheduler.com/api/v1/billing/usage:0
[71562703ms] [ERROR] Failed to load resource: the server responded with a status of 401 () @ https://app.wizscheduler.com/api/v1/billing/usage:0
[71622708ms] [ERROR] Failed to load resource: the server responded with a status of 401 () @ https://app.wizscheduler.com/api/v1/billing/usage:0
[71682706ms] [ERROR] Failed to load resource: the server responded with a status of 401 () @ https://app.wizscheduler.com/api/v1/billing/usage:0
[71742720ms] [ERROR] Failed to load resource: the server responded with a status of 401 () @ https://app.wizscheduler.com/api/v1/billing/usage:0
[71802696ms] [ERROR] Failed to load resource: the server responded with a status of 401 () @ https://app.wizscheduler.com/api/v1/billing/usage:0
[71862721ms] [ERROR] Failed to load resource: the server responded with a status of 401 () @ https://app.wizscheduler.com/api/v1/billing/usage:0
[71922812ms] [ERROR] Failed to load resource: the server responded with a status of 401 () @ https://app.wizscheduler.com/api/v1/billing/usage:0
[71982700ms] [ERROR] Failed to load resource: the server responded with a status of 401 () @ https://app.wizscheduler.com/api/v1/billing/usage:0
[72042701ms] [ERROR] Failed to load resource: the server responded with a status of 401 () @ https://app.wizscheduler.com/api/v1/billing/usage:0
[72102709ms] [ERROR] Failed to load resource: the server responded with a status of 401 () @ https://app.wizscheduler.com/api/v1/billing/usage:0
[72162703ms] [ERROR] Failed to load resource: the server responded with a status of 401 () @ https://app.wizscheduler.com/api/v1/billing/usage:0
[72222703ms] [ERROR] Failed to load resource: the server responded with a status of 401 () @ https://app.wizscheduler.com/api/v1/billing/usage:0
[72282699ms] [ERROR] Failed to load resource: the server responded with a status of 401 () @ https://app.wizscheduler.com/api/v1/billing/usage:0
[72342706ms] [ERROR] Failed to load resource: the server responded with a status of 401 () @ https://app.wizscheduler.com/api/v1/billing/usage:0
[72402704ms] [ERROR] Failed to load resource: the server responded with a status of 401 () @ https://app.wizscheduler.com/api/v1/billing/usage:0
[72462697ms] [ERROR] Failed to load resource: the server responded with a status of 401 () @ https://app.wizscheduler.com/api/v1/billing/usage:0
[72522701ms] [ERROR] Failed to load resource: the server responded with a status of 401 () @ https://app.wizscheduler.com/api/v1/billing/usage:0
[72582697ms] [ERROR] Failed to load resource: the server responded with a status of 401 () @ https://app.wizscheduler.com/api/v1/billing/usage:0
[72642703ms] [ERROR] Failed to load resource: the server responded with a status of 401 () @ https://app.wizscheduler.com/api/v1/billing/usage:0
[72702731ms] [ERROR] Failed to load resource: the server responded with a status of 401 () @ https://app.wizscheduler.com/api/v1/billing/usage:0
[72762699ms] [ERROR] Failed to load resource: the server responded with a status of 401 () @ https://app.wizscheduler.com/api/v1/billing/usage:0
[72822706ms] [ERROR] Failed to load resource: the server responded with a status of 401 () @ https://app.wizscheduler.com/api/v1/billing/usage:0
[72882702ms] [ERROR] Failed to load resource: the server responded with a status of 401 () @ https://app.wizscheduler.com/api/v1/billing/usage:0
[72942700ms] [ERROR] Failed to load resource: the server responded with a status of 401 () @ https://app.wizscheduler.com/api/v1/billing/usage:0
[73002703ms] [ERROR] Failed to load resource: the server responded with a status of 401 () @ https://app.wizscheduler.com/api/v1/billing/usage:0
[73062696ms] [ERROR] Failed to load resource: the server responded with a status of 401 () @ https://app.wizscheduler.com/api/v1/billing/usage:0
[73122699ms] [ERROR] Failed to load resource: the server responded with a status of 401 () @ https://app.wizscheduler.com/api/v1/billing/usage:0
[73182711ms] [ERROR] Failed to load resource: the server responded with a status of 401 () @ https://app.wizscheduler.com/api/v1/billing/usage:0
[73242793ms] [ERROR] Failed to load resource: the server responded with a status of 401 () @ https://app.wizscheduler.com/api/v1/billing/usage:0
[73302705ms] [ERROR] Failed to load resource: the server responded with a status of 401 () @ https://app.wizscheduler.com/api/v1/billing/usage:0
[73362699ms] [ERROR] Failed to load resource: the server responded with a status of 401 () @ https://app.wizscheduler.com/api/v1/billing/usage:0
[73422704ms] [ERROR] Failed to load resource: the server responded with a status of 401 () @ https://app.wizscheduler.com/api/v1/billing/usage:0
[73482697ms] [ERROR] Failed to load resource: the server responded with a status of 401 () @ https://app.wizscheduler.com/api/v1/billing/usage:0
[73542699ms] [ERROR] Failed to load resource: the server responded with a status of 401 () @ https://app.wizscheduler.com/api/v1/billing/usage:0
[73602702ms] [ERROR] Failed to load resource: the server responded with a status of 401 () @ https://app.wizscheduler.com/api/v1/billing/usage:0
[73662694ms] [ERROR] Failed to load resource: the server responded with a status of 401 () @ https://app.wizscheduler.com/api/v1/billing/usage:0
[73722701ms] [ERROR] Failed to load resource: the server responded with a status of 401 () @ https://app.wizscheduler.com/api/v1/billing/usage:0
[73782697ms] [ERROR] Failed to load resource: the server responded with a status of 401 () @ https://app.wizscheduler.com/api/v1/billing/usage:0
[73842694ms] [ERROR] Failed to load resource: the server responded with a status of 401 () @ https://app.wizscheduler.com/api/v1/billing/usage:0
[73902693ms] [ERROR] Failed to load resource: the server responded with a status of 401 () @ https://app.wizscheduler.com/api/v1/billing/usage:0
[73962697ms] [ERROR] Failed to load resource: the server responded with a status of 401 () @ https://app.wizscheduler.com/api/v1/billing/usage:0
[74022701ms] [ERROR] Failed to load resource: the server responded with a status of 401 () @ https://app.wizscheduler.com/api/v1/billing/usage:0
[74082697ms] [ERROR] Failed to load resource: the server responded with a status of 401 () @ https://app.wizscheduler.com/api/v1/billing/usage:0
[74142709ms] [ERROR] Failed to load resource: the server responded with a status of 401 () @ https://app.wizscheduler.com/api/v1/billing/usage:0
[74202692ms] [ERROR] Failed to load resource: the server responded with a status of 401 () @ https://app.wizscheduler.com/api/v1/billing/usage:0
[74262705ms] [ERROR] Failed to load resource: the server responded with a status of 401 () @ https://app.wizscheduler.com/api/v1/billing/usage:0
[74322693ms] [ERROR] Failed to load resource: the server responded with a status of 401 () @ https://app.wizscheduler.com/api/v1/billing/usage:0
[74382690ms] [ERROR] Failed to load resource: the server responded with a status of 401 () @ https://app.wizscheduler.com/api/v1/billing/usage:0
[74442692ms] [ERROR] Failed to load resource: the server responded with a status of 401 () @ https://app.wizscheduler.com/api/v1/billing/usage:0
[74502693ms] [ERROR] Failed to load resource: the server responded with a status of 401 () @ https://app.wizscheduler.com/api/v1/billing/usage:0
[74562693ms] [ERROR] Failed to load resource: the server responded with a status of 401 () @ https://app.wizscheduler.com/api/v1/billing/usage:0
[74622701ms] [ERROR] Failed to load resource: the server responded with a status of 401 () @ https://app.wizscheduler.com/api/v1/billing/usage:0
[74682696ms] [ERROR] Failed to load resource: the server responded with a status of 401 () @ https://app.wizscheduler.com/api/v1/billing/usage:0
[74742694ms] [ERROR] Failed to load resource: the server responded with a status of 401 () @ https://app.wizscheduler.com/api/v1/billing/usage:0
[74802694ms] [ERROR] Failed to load resource: the server responded with a status of 401 () @ https://app.wizscheduler.com/api/v1/billing/usage:0
[74862689ms] [ERROR] Failed to load resource: the server responded with a status of 401 () @ https://app.wizscheduler.com/api/v1/billing/usage:0
[74922688ms] [ERROR] Failed to load resource: the server responded with a status of 401 () @ https://app.wizscheduler.com/api/v1/billing/usage:0
[74982692ms] [ERROR] Failed to load resource: the server responded with a status of 401 () @ https://app.wizscheduler.com/api/v1/billing/usage:0
[75042688ms] [ERROR] Failed to load resource: the server responded with a status of 401 () @ https://app.wizscheduler.com/api/v1/billing/usage:0
[75102689ms] [ERROR] Failed to load resource: the server responded with a status of 401 () @ https://app.wizscheduler.com/api/v1/billing/usage:0
[75162686ms] [ERROR] Failed to load resource: the server responded with a status of 401 () @ https://app.wizscheduler.com/api/v1/billing/usage:0
[75222691ms] [ERROR] Failed to load resource: the server responded with a status of 401 () @ https://app.wizscheduler.com/api/v1/billing/usage:0
[75282695ms] [ERROR] Failed to load resource: the server responded with a status of 401 () @ https://app.wizscheduler.com/api/v1/billing/usage:0
[75342686ms] [ERROR] Failed to load resource: the server responded with a status of 401 () @ https://app.wizscheduler.com/api/v1/billing/usage:0
[75402689ms] [ERROR] Failed to load resource: the server responded with a status of 401 () @ https://app.wizscheduler.com/api/v1/billing/usage:0
[75462690ms] [ERROR] Failed to load resource: the server responded with a status of 401 () @ https://app.wizscheduler.com/api/v1/billing/usage:0
[75522688ms] [ERROR] Failed to load resource: the server responded with a status of 401 () @ https://app.wizscheduler.com/api/v1/billing/usage:0
[75582687ms] [ERROR] Failed to load resource: the server responded with a status of 401 () @ https://app.wizscheduler.com/api/v1/billing/usage:0
[75642792ms] [ERROR] Failed to load resource: the server responded with a status of 401 () @ https://app.wizscheduler.com/api/v1/billing/usage:0
[75702694ms] [ERROR] Failed to load resource: the server responded with a status of 401 () @ https://app.wizscheduler.com/api/v1/billing/usage:0
[75762814ms] [ERROR] Failed to load resource: the server responded with a status of 401 () @ https://app.wizscheduler.com/api/v1/billing/usage:0
[75822707ms] [ERROR] Failed to load resource: the server responded with a status of 401 () @ https://app.wizscheduler.com/api/v1/billing/usage:0
